/*******************************************************
	Description: This is the DDL to create the database.

	Student: Isaac Lebwohl-Steiner

	Created: 11/18/2014
*******************************************************/

--Spool our session

spool standardsDB_DDL.sql

/*******************************************************
	Insert the data
*******************************************************/

/******************************************************
	Insert the Element data
*******************************************************/
INSERT INTO tbElement (symbol,atomicNumber,name,density) VALUES ('H','1','Hydrogen',0.0899);
INSERT INTO tbElement (symbol,atomicNumber,name,density) VALUES ('He','2','Helium',0.1785);
INSERT INTO tbElement (symbol,atomicNumber,name,density) VALUES ('Li','3','Lithium',0.54);
INSERT INTO tbElement (symbol,atomicNumber,name,density) VALUES ('Be','4','Beryllium',1.85);
INSERT INTO tbElement (symbol,atomicNumber,name,density) VALUES ('B','5','Boron',2.46);
INSERT INTO tbElement (symbol,atomicNumber,name,density) VALUES ('C','6','Carbon',2.26);
INSERT INTO tbElement (symbol,atomicNumber,name,density) VALUES ('N','7','Nitrogen',1.251);
INSERT INTO tbElement (symbol,atomicNumber,name,density) VALUES ('O','8','Oxygen',1.429);
INSERT INTO tbElement (symbol,atomicNumber,name,density) VALUES ('F','9','Fluorine',1.696);
INSERT INTO tbElement (symbol,atomicNumber,name,density) VALUES ('Ne','10','Neon',0.9);
INSERT INTO tbElement (symbol,atomicNumber,name,density) VALUES ('Na','11','Sodium',0.97);
INSERT INTO tbElement (symbol,atomicNumber,name,density) VALUES ('Mg','12','Magnesium',1.74);
INSERT INTO tbElement (symbol,atomicNumber,name,density) VALUES ('Al','13','Aluminum',2.7);
INSERT INTO tbElement (symbol,atomicNumber,name,density) VALUES ('Si','14','Silicon',2.33);
INSERT INTO tbElement (symbol,atomicNumber,name,density) VALUES ('P','15','Phosphorus',1.82);
INSERT INTO tbElement (symbol,atomicNumber,name,density) VALUES ('S','16','Sulfur',1.96);
INSERT INTO tbElement (symbol,atomicNumber,name,density) VALUES ('Cl','17','Chlorine',3.214);
INSERT INTO tbElement (symbol,atomicNumber,name,density) VALUES ('Ar','18','Argon',1.784);
INSERT INTO tbElement (symbol,atomicNumber,name,density) VALUES ('K','19','Potassium',0.86);
INSERT INTO tbElement (symbol,atomicNumber,name,density) VALUES ('Ca','20','Calcium',1.55);
INSERT INTO tbElement (symbol,atomicNumber,name,density) VALUES ('Sc','21','Scandium',2.99);
INSERT INTO tbElement (symbol,atomicNumber,name,density) VALUES ('Ti','22','Titanium',4.51);
INSERT INTO tbElement (symbol,atomicNumber,name,density) VALUES ('V','23','Vanadium',6.11);
INSERT INTO tbElement (symbol,atomicNumber,name,density) VALUES ('Cr','24','Chromium',7.14);
INSERT INTO tbElement (symbol,atomicNumber,name,density) VALUES ('Mn','25','Manganese',7.47);
INSERT INTO tbElement (symbol,atomicNumber,name,density) VALUES ('Fe','26','Iron',7.87);
INSERT INTO tbElement (symbol,atomicNumber,name,density) VALUES ('Co','27','Cobalt',8.9);
INSERT INTO tbElement (symbol,atomicNumber,name,density) VALUES ('Ni','28','Nickel',8.91);
INSERT INTO tbElement (symbol,atomicNumber,name,density) VALUES ('Cu','29','Copper',8.92);
INSERT INTO tbElement (symbol,atomicNumber,name,density) VALUES ('Zn','30','Zinc',7.14);
INSERT INTO tbElement (symbol,atomicNumber,name,density) VALUES ('Ga','31','Gallium',5.9);
INSERT INTO tbElement (symbol,atomicNumber,name,density) VALUES ('Ge','32','Germanium',5.32);
INSERT INTO tbElement (symbol,atomicNumber,name,density) VALUES ('As','33','Arsenic',5.73);
INSERT INTO tbElement (symbol,atomicNumber,name,density) VALUES ('Se','34','Selenium',4.82);
INSERT INTO tbElement (symbol,atomicNumber,name,density) VALUES ('Br','35','Bromine',3.12);
INSERT INTO tbElement (symbol,atomicNumber,name,density) VALUES ('Kr','36','Krypton',3.75);
INSERT INTO tbElement (symbol,atomicNumber,name,density) VALUES ('Rb','37','Rubidium',1.53);
INSERT INTO tbElement (symbol,atomicNumber,name,density) VALUES ('Sr','38','Strontium',2.63);
INSERT INTO tbElement (symbol,atomicNumber,name,density) VALUES ('Y','39','Yttrium',4.47);
INSERT INTO tbElement (symbol,atomicNumber,name,density) VALUES ('Zr','40','Zirconium',6.51);
INSERT INTO tbElement (symbol,atomicNumber,name,density) VALUES ('Nb','41','Niobium',8.57);
INSERT INTO tbElement (symbol,atomicNumber,name,density) VALUES ('Mo','42','Molybdenum',10.28);
INSERT INTO tbElement (symbol,atomicNumber,name,density) VALUES ('Tc','43','Technetium',11.5);
INSERT INTO tbElement (symbol,atomicNumber,name,density) VALUES ('Ru','44','Ruthenium',12.37);
INSERT INTO tbElement (symbol,atomicNumber,name,density) VALUES ('Rh','45','Rhodium',12.45);
INSERT INTO tbElement (symbol,atomicNumber,name,density) VALUES ('Pd','46','Palladium',12.02);
INSERT INTO tbElement (symbol,atomicNumber,name,density) VALUES ('Ag','47','Silver',10.49);
INSERT INTO tbElement (symbol,atomicNumber,name,density) VALUES ('Cd','48','Cadmium',8.65);
INSERT INTO tbElement (symbol,atomicNumber,name,density) VALUES ('In','49','Indium',7.31);
INSERT INTO tbElement (symbol,atomicNumber,name,density) VALUES ('Sn','50','Tin',7.31);
INSERT INTO tbElement (symbol,atomicNumber,name,density) VALUES ('Sb','51','Antimony',6.7);
INSERT INTO tbElement (symbol,atomicNumber,name,density) VALUES ('Te','52','Tellurium',6.24);
INSERT INTO tbElement (symbol,atomicNumber,name,density) VALUES ('I','53','Iodine',4.94);
INSERT INTO tbElement (symbol,atomicNumber,name,density) VALUES ('Xe','54','Xenon',0.01);
INSERT INTO tbElement (symbol,atomicNumber,name,density) VALUES ('Cs','55','Cesium',1.88);
INSERT INTO tbElement (symbol,atomicNumber,name,density) VALUES ('Ba','56','Barium',3.51);
INSERT INTO tbElement (symbol,atomicNumber,name,density) VALUES ('La','57','Lanthanum',6.15);
INSERT INTO tbElement (symbol,atomicNumber,name,density) VALUES ('Ce','58','Cerium',6.69);
INSERT INTO tbElement (symbol,atomicNumber,name,density) VALUES ('Pr','59','Praseodymium',6.64);
INSERT INTO tbElement (symbol,atomicNumber,name,density) VALUES ('Nd','60','Neodymium',7.01);
INSERT INTO tbElement (symbol,atomicNumber,name,density) VALUES ('Pm','61','Promethium',7.26);
INSERT INTO tbElement (symbol,atomicNumber,name,density) VALUES ('Sm','62','Samarium',7.35);
INSERT INTO tbElement (symbol,atomicNumber,name,density) VALUES ('Eu','63','Europium',5.24);
INSERT INTO tbElement (symbol,atomicNumber,name,density) VALUES ('Gd','64','Gadolinium',7.9);
INSERT INTO tbElement (symbol,atomicNumber,name,density) VALUES ('Tb','65','Terbium',8.22);
INSERT INTO tbElement (symbol,atomicNumber,name,density) VALUES ('Dy','66','Dysprosium',8.55);
INSERT INTO tbElement (symbol,atomicNumber,name,density) VALUES ('Ho','67','Holmium',8.8);
INSERT INTO tbElement (symbol,atomicNumber,name,density) VALUES ('Er','68','Erbium',9.07);
INSERT INTO tbElement (symbol,atomicNumber,name,density) VALUES ('Tm','69','Thulium',9.32);
INSERT INTO tbElement (symbol,atomicNumber,name,density) VALUES ('Yb','70','Ytterbium',6.57);
INSERT INTO tbElement (symbol,atomicNumber,name,density) VALUES ('Lu','71','Lutetium',9.84);
INSERT INTO tbElement (symbol,atomicNumber,name,density) VALUES ('Hf','72','Hafnium',13.31);
INSERT INTO tbElement (symbol,atomicNumber,name,density) VALUES ('Ta','73','Tantalum',16.65);
INSERT INTO tbElement (symbol,atomicNumber,name,density) VALUES ('W','74','Tungsten',19.25);
INSERT INTO tbElement (symbol,atomicNumber,name,density) VALUES ('Re','75','Rhenium',21.02);
INSERT INTO tbElement (symbol,atomicNumber,name,density) VALUES ('Os','76','Osmium',22.61);
INSERT INTO tbElement (symbol,atomicNumber,name,density) VALUES ('Ir','77','Iridium',22.65);
INSERT INTO tbElement (symbol,atomicNumber,name,density) VALUES ('Pt','78','Platinum',21.09);
INSERT INTO tbElement (symbol,atomicNumber,name,density) VALUES ('Au','79','Gold',19.3);
INSERT INTO tbElement (symbol,atomicNumber,name,density) VALUES ('Hg','80','Mercury',13.53);
INSERT INTO tbElement (symbol,atomicNumber,name,density) VALUES ('Tl','81','Thallium',11.85);
INSERT INTO tbElement (symbol,atomicNumber,name,density) VALUES ('Pb','82','Lead',11.34);
INSERT INTO tbElement (symbol,atomicNumber,name,density) VALUES ('Bi','83','Bismuth',9.78);
INSERT INTO tbElement (symbol,atomicNumber,name,density) VALUES ('Po','84','Polonium',9.2);
INSERT INTO tbElement (symbol,atomicNumber,name,density) VALUES ('At','85','Astatine',null);
INSERT INTO tbElement (symbol,atomicNumber,name,density) VALUES ('Rn','86','Radon',0.01);
INSERT INTO tbElement (symbol,atomicNumber,name,density) VALUES ('Fr','87','Francium',null);
INSERT INTO tbElement (symbol,atomicNumber,name,density) VALUES ('Ra','88','Radium',5);
INSERT INTO tbElement (symbol,atomicNumber,name,density) VALUES ('Ac','89','Actinium',10.07);
INSERT INTO tbElement (symbol,atomicNumber,name,density) VALUES ('Th','90','Thorium',11.72);
INSERT INTO tbElement (symbol,atomicNumber,name,density) VALUES ('Pa','91','Protactinium',15.37);
INSERT INTO tbElement (symbol,atomicNumber,name,density) VALUES ('U','92','Uranium',19.05);
INSERT INTO tbElement (symbol,atomicNumber,name,density) VALUES ('Np','93','Neptunium',20.45);
INSERT INTO tbElement (symbol,atomicNumber,name,density) VALUES ('Pu','94','Plutonium',19.82);
INSERT INTO tbElement (symbol,atomicNumber,name,density) VALUES ('Am','95','Americium',null);
INSERT INTO tbElement (symbol,atomicNumber,name,density) VALUES ('Cm','96','Curium',13.51);
INSERT INTO tbElement (symbol,atomicNumber,name,density) VALUES ('Bk','97','Berkelium',14.78);
INSERT INTO tbElement (symbol,atomicNumber,name,density) VALUES ('Cf','98','Californium',15.1);
INSERT INTO tbElement (symbol,atomicNumber,name,density) VALUES ('Es','99','Einsteinium',null);
INSERT INTO tbElement (symbol,atomicNumber,name,density) VALUES ('Fm','100','Fermium',null);
INSERT INTO tbElement (symbol,atomicNumber,name,density) VALUES ('Md','101','Mendelevium',null);
INSERT INTO tbElement (symbol,atomicNumber,name,density) VALUES ('No','102','Nobelium',null);
INSERT INTO tbElement (symbol,atomicNumber,name,density) VALUES ('Lr','103','Lawrencium',null);
INSERT INTO tbElement (symbol,atomicNumber,name,density) VALUES ('Rf','104','Rutherfordium',null);
INSERT INTO tbElement (symbol,atomicNumber,name,density) VALUES ('Db','105','Dubnium',null);
INSERT INTO tbElement (symbol,atomicNumber,name,density) VALUES ('Sg','106','Seaborgium',null);
INSERT INTO tbElement (symbol,atomicNumber,name,density) VALUES ('Bh','107','Bohrium',null);
INSERT INTO tbElement (symbol,atomicNumber,name,density) VALUES ('Hs','108','Hassium',null);
INSERT INTO tbElement (symbol,atomicNumber,name,density) VALUES ('Mt','109','Meitnerium',null);
INSERT INTO tbElement (symbol,atomicNumber,name,density) VALUES ('Uun','110','Ununnilium',null);
INSERT INTO tbElement (symbol,atomicNumber,name,density) VALUES ('Uuu','111','Unununium',null);
INSERT INTO tbElement (symbol,atomicNumber,name,density) VALUES ('Uub','112','Ununbium',null);
INSERT INTO tbElement (symbol,atomicNumber,name,density) VALUES ('Uut','113','Ununtrium',null);
INSERT INTO tbElement (symbol,atomicNumber,name,density) VALUES ('Uuq','114','Ununquadium',null);
INSERT INTO tbElement (symbol,atomicNumber,name,density) VALUES ('Uup','115','Ununpentium',null);
INSERT INTO tbElement (symbol,atomicNumber,name,density) VALUES ('Uuh','116','Ununhexium',null);
INSERT INTO tbElement (symbol,atomicNumber,name,density) VALUES ('Uus','117','Ununseptium',null);
INSERT INTO tbElement (symbol,atomicNumber,name,density) VALUES ('Uuo','118','Ununoctium',null);


/******************************************************
	Insert the certification statuses
*******************************************************/

INSERT INTO tbCertStatus (statusID,statusDesc) VALUES ('R','Requested');
INSERT INTO tbCertStatus (statusID,statusDesc) VALUES ('P','In Progress');
INSERT INTO tbCertStatus (statusID,statusDesc) VALUES ('C','Complete');
INSERT INTO tbCertStatus (statusID,statusDesc) VALUES ('X','Canceled');

/******************************************************
	Insert the technicians
*******************************************************/

INSERT INTO tbTechnician (technicianID,name,title) VALUES ('T01','Dean Weaver','Senior laboratory technician');
INSERT INTO tbTechnician (technicianID,name,title) VALUES ('T02','Christine Bowers','Senior laboratory technician');
INSERT INTO tbTechnician (technicianID,name,title) VALUES ('T03','Clarence Washington','Laboratory technician');
INSERT INTO tbTechnician (technicianID,name,title) VALUES ('T04','Amber Cruz','Laboratory technician');
INSERT INTO tbTechnician (technicianID,name,title) VALUES ('T05','Lori Klein','Laboratory technician');
INSERT INTO tbTechnician (technicianID,name,title) VALUES ('T06','Israel Vargas','Laboratory technician');
INSERT INTO tbTechnician (technicianID,name,title) VALUES ('T07','Mitchell Fuller','Laboratory technician');
INSERT INTO tbTechnician (technicianID,name,title) VALUES ('T08','Charlotte Bowman','Laboratory technician');
INSERT INTO tbTechnician (technicianID,name,title) VALUES ('T09','Gary Phelps','Junior laboratory technician');
INSERT INTO tbTechnician (technicianID,name,title) VALUES ('T10','Alma Tucker','Junior laboratory technician');


/******************************************************
	Insert the standard types
*******************************************************/

INSERT INTO tbStandardType (typeID,typeDesc) VALUES ('F','Foil');
INSERT INTO tbStandardType (typeID,typeDesc) VALUES ('I','Infinite');
INSERT INTO tbStandardType (typeID,typeDesc) VALUES ('P','Plated');

/******************************************************
	Insert some parts
*******************************************************/

INSERT INTO tbPart(platedElement,targetValue,stock,price,typeID,custom) VALUES (null,2,7,640,'F','N');
INSERT INTO tbPart(platedElement,targetValue,stock,price,typeID,custom) VALUES (null,4,132,575,'F','N');
INSERT INTO tbPart(platedElement,targetValue,stock,price,typeID,custom) VALUES (null,10,192,520,'F','N');
INSERT INTO tbPart(platedElement,targetValue,stock,price,typeID,custom) VALUES (null,20,16,465,'F','N');
INSERT INTO tbPart(platedElement,targetValue,stock,price,typeID,custom) VALUES (null,40,43,420,'F','N');
INSERT INTO tbPart(platedElement,targetValue,stock,price,typeID,custom) VALUES (null,80,197,380,'F','N');
INSERT INTO tbPart(platedElement,targetValue,stock,price,typeID,custom) VALUES (null,120,41,340,'F','N');
INSERT INTO tbPart(platedElement,targetValue,stock,price,typeID,custom) VALUES (null,160,169,305,'F','N');
INSERT INTO tbPart(platedElement,targetValue,stock,price,typeID,custom) VALUES (null,200,157,275,'F','N');
INSERT INTO tbPart(platedElement,targetValue,stock,price,typeID,custom) VALUES (null,240,27,250,'F','N');
INSERT INTO tbPart(platedElement,targetValue,stock,price,typeID,custom) VALUES (null,280,27,225,'F','N');
INSERT INTO tbPart(platedElement,targetValue,stock,price,typeID,custom) VALUES (null,320,30,200,'F','N');
INSERT INTO tbPart(platedElement,targetValue,stock,price,typeID,custom) VALUES (null,360,68,180,'F','N');
INSERT INTO tbPart(platedElement,targetValue,stock,price,typeID,custom) VALUES (null,400,154,165,'F','N');
INSERT INTO tbPart(platedElement,targetValue,stock,price,typeID,custom) VALUES (null,440,135,145,'F','N');
INSERT INTO tbPart(platedElement,targetValue,stock,price,typeID,custom) VALUES (null,480,160,130,'F','N');
INSERT INTO tbPart(platedElement,targetValue,stock,price,typeID,custom) VALUES (null,520,106,120,'F','N');
INSERT INTO tbPart(platedElement,targetValue,stock,price,typeID,custom) VALUES (null,560,106,105,'F','N');
INSERT INTO tbPart(platedElement,targetValue,stock,price,typeID,custom) VALUES (null,600,8,95,'F','N');
INSERT INTO tbPart(platedElement,targetValue,stock,price,typeID,custom) VALUES (null,640,171,85,'F','N');
INSERT INTO tbPart(platedElement,targetValue,stock,price,typeID,custom) VALUES (null,680,136,80,'F','N');
INSERT INTO tbPart(platedElement,targetValue,stock,price,typeID,custom) VALUES (null,720,97,70,'F','N');
INSERT INTO tbPart(platedElement,targetValue,stock,price,typeID,custom) VALUES (null,760,188,65,'F','N');
INSERT INTO tbPart(platedElement,targetValue,stock,price,typeID,custom) VALUES (null,800,144,55,'F','N');
INSERT INTO tbPart(platedElement,targetValue,stock,price,typeID,custom) VALUES (null,2,159,995,'F','N');
INSERT INTO tbPart(platedElement,targetValue,stock,price,typeID,custom) VALUES (null,4,24,895,'F','N');
INSERT INTO tbPart(platedElement,targetValue,stock,price,typeID,custom) VALUES (null,10,80,805,'F','N');
INSERT INTO tbPart(platedElement,targetValue,stock,price,typeID,custom) VALUES (null,20,18,725,'F','N');
INSERT INTO tbPart(platedElement,targetValue,stock,price,typeID,custom) VALUES (null,40,12,655,'F','N');
INSERT INTO tbPart(platedElement,targetValue,stock,price,typeID,custom) VALUES (null,80,194,590,'F','N');
INSERT INTO tbPart(platedElement,targetValue,stock,price,typeID,custom) VALUES (null,120,200,530,'F','N');
INSERT INTO tbPart(platedElement,targetValue,stock,price,typeID,custom) VALUES (null,160,144,475,'F','N');
INSERT INTO tbPart(platedElement,targetValue,stock,price,typeID,custom) VALUES (null,200,55,430,'F','N');
INSERT INTO tbPart(platedElement,targetValue,stock,price,typeID,custom) VALUES (null,240,12,385,'F','N');
INSERT INTO tbPart(platedElement,targetValue,stock,price,typeID,custom) VALUES (null,280,142,345,'F','N');
INSERT INTO tbPart(platedElement,targetValue,stock,price,typeID,custom) VALUES (null,320,73,310,'F','N');
INSERT INTO tbPart(platedElement,targetValue,stock,price,typeID,custom) VALUES (null,360,139,280,'F','N');
INSERT INTO tbPart(platedElement,targetValue,stock,price,typeID,custom) VALUES (null,400,145,255,'F','N');
INSERT INTO tbPart(platedElement,targetValue,stock,price,typeID,custom) VALUES (null,440,27,230,'F','N');
INSERT INTO tbPart(platedElement,targetValue,stock,price,typeID,custom) VALUES (null,480,106,205,'F','N');
INSERT INTO tbPart(platedElement,targetValue,stock,price,typeID,custom) VALUES (null,520,144,185,'F','N');
INSERT INTO tbPart(platedElement,targetValue,stock,price,typeID,custom) VALUES (null,560,42,165,'F','N');
INSERT INTO tbPart(platedElement,targetValue,stock,price,typeID,custom) VALUES (null,600,102,150,'F','N');
INSERT INTO tbPart(platedElement,targetValue,stock,price,typeID,custom) VALUES (null,640,16,135,'F','N');
INSERT INTO tbPart(platedElement,targetValue,stock,price,typeID,custom) VALUES (null,680,109,120,'F','N');
INSERT INTO tbPart(platedElement,targetValue,stock,price,typeID,custom) VALUES (null,720,145,110,'F','N');
INSERT INTO tbPart(platedElement,targetValue,stock,price,typeID,custom) VALUES (null,760,182,100,'F','N');
INSERT INTO tbPart(platedElement,targetValue,stock,price,typeID,custom) VALUES (null,800,57,90,'F','N');
INSERT INTO tbPart(platedElement,targetValue,stock,price,typeID,custom) VALUES (null,2,39,650,'F','N');
INSERT INTO tbPart(platedElement,targetValue,stock,price,typeID,custom) VALUES (null,4,97,585,'F','N');
INSERT INTO tbPart(platedElement,targetValue,stock,price,typeID,custom) VALUES (null,10,86,525,'F','N');
INSERT INTO tbPart(platedElement,targetValue,stock,price,typeID,custom) VALUES (null,20,20,475,'F','N');
INSERT INTO tbPart(platedElement,targetValue,stock,price,typeID,custom) VALUES (null,40,32,425,'F','N');
INSERT INTO tbPart(platedElement,targetValue,stock,price,typeID,custom) VALUES (null,80,16,385,'F','N');
INSERT INTO tbPart(platedElement,targetValue,stock,price,typeID,custom) VALUES (null,120,82,345,'F','N');
INSERT INTO tbPart(platedElement,targetValue,stock,price,typeID,custom) VALUES (null,160,38,310,'F','N');
INSERT INTO tbPart(platedElement,targetValue,stock,price,typeID,custom) VALUES (null,200,134,280,'F','N');
INSERT INTO tbPart(platedElement,targetValue,stock,price,typeID,custom) VALUES (null,240,12,250,'F','N');
INSERT INTO tbPart(platedElement,targetValue,stock,price,typeID,custom) VALUES (null,280,68,225,'F','N');
INSERT INTO tbPart(platedElement,targetValue,stock,price,typeID,custom) VALUES (null,320,27,205,'F','N');
INSERT INTO tbPart(platedElement,targetValue,stock,price,typeID,custom) VALUES (null,360,24,185,'F','N');
INSERT INTO tbPart(platedElement,targetValue,stock,price,typeID,custom) VALUES (null,400,10,165,'F','N');
INSERT INTO tbPart(platedElement,targetValue,stock,price,typeID,custom) VALUES (null,440,112,150,'F','N');
INSERT INTO tbPart(platedElement,targetValue,stock,price,typeID,custom) VALUES (null,480,134,135,'F','N');
INSERT INTO tbPart(platedElement,targetValue,stock,price,typeID,custom) VALUES (null,520,152,120,'F','N');
INSERT INTO tbPart(platedElement,targetValue,stock,price,typeID,custom) VALUES (null,560,137,110,'F','N');
INSERT INTO tbPart(platedElement,targetValue,stock,price,typeID,custom) VALUES (null,600,131,100,'F','N');
INSERT INTO tbPart(platedElement,targetValue,stock,price,typeID,custom) VALUES (null,640,135,90,'F','N');
INSERT INTO tbPart(platedElement,targetValue,stock,price,typeID,custom) VALUES (null,680,169,80,'F','N');
INSERT INTO tbPart(platedElement,targetValue,stock,price,typeID,custom) VALUES (null,720,82,70,'F','N');
INSERT INTO tbPart(platedElement,targetValue,stock,price,typeID,custom) VALUES (null,760,106,65,'F','N');
INSERT INTO tbPart(platedElement,targetValue,stock,price,typeID,custom) VALUES (null,800,87,60,'F','N');
INSERT INTO tbPart(platedElement,targetValue,stock,price,typeID,custom) VALUES (null,2,11,855,'F','N');
INSERT INTO tbPart(platedElement,targetValue,stock,price,typeID,custom) VALUES (null,4,73,770,'F','N');
INSERT INTO tbPart(platedElement,targetValue,stock,price,typeID,custom) VALUES (null,10,9,690,'F','N');
INSERT INTO tbPart(platedElement,targetValue,stock,price,typeID,custom) VALUES (null,20,195,620,'F','N');
INSERT INTO tbPart(platedElement,targetValue,stock,price,typeID,custom) VALUES (null,40,64,560,'F','N');
INSERT INTO tbPart(platedElement,targetValue,stock,price,typeID,custom) VALUES (null,80,112,505,'F','N');
INSERT INTO tbPart(platedElement,targetValue,stock,price,typeID,custom) VALUES (null,120,115,455,'F','N');
INSERT INTO tbPart(platedElement,targetValue,stock,price,typeID,custom) VALUES (null,160,9,410,'F','N');
INSERT INTO tbPart(platedElement,targetValue,stock,price,typeID,custom) VALUES (null,200,15,365,'F','N');
INSERT INTO tbPart(platedElement,targetValue,stock,price,typeID,custom) VALUES (null,240,195,330,'F','N');
INSERT INTO tbPart(platedElement,targetValue,stock,price,typeID,custom) VALUES (null,280,172,295,'F','N');
INSERT INTO tbPart(platedElement,targetValue,stock,price,typeID,custom) VALUES (null,320,82,270,'F','N');
INSERT INTO tbPart(platedElement,targetValue,stock,price,typeID,custom) VALUES (null,360,49,240,'F','N');
INSERT INTO tbPart(platedElement,targetValue,stock,price,typeID,custom) VALUES (null,400,175,215,'F','N');
INSERT INTO tbPart(platedElement,targetValue,stock,price,typeID,custom) VALUES (null,440,103,195,'F','N');
INSERT INTO tbPart(platedElement,targetValue,stock,price,typeID,custom) VALUES (null,480,52,175,'F','N');
INSERT INTO tbPart(platedElement,targetValue,stock,price,typeID,custom) VALUES (null,520,107,160,'F','N');
INSERT INTO tbPart(platedElement,targetValue,stock,price,typeID,custom) VALUES (null,560,74,140,'F','N');
INSERT INTO tbPart(platedElement,targetValue,stock,price,typeID,custom) VALUES (null,600,107,130,'F','N');
INSERT INTO tbPart(platedElement,targetValue,stock,price,typeID,custom) VALUES (null,640,171,115,'F','N');
INSERT INTO tbPart(platedElement,targetValue,stock,price,typeID,custom) VALUES (null,680,53,105,'F','N');
INSERT INTO tbPart(platedElement,targetValue,stock,price,typeID,custom) VALUES (null,720,27,95,'F','N');
INSERT INTO tbPart(platedElement,targetValue,stock,price,typeID,custom) VALUES (null,760,11,85,'F','N');
INSERT INTO tbPart(platedElement,targetValue,stock,price,typeID,custom) VALUES (null,800,5,75,'F','N');
INSERT INTO tbPart(platedElement,targetValue,stock,price,typeID,custom) VALUES (null,2,55,1255,'F','N');
INSERT INTO tbPart(platedElement,targetValue,stock,price,typeID,custom) VALUES (null,4,108,1130,'F','N');
INSERT INTO tbPart(platedElement,targetValue,stock,price,typeID,custom) VALUES (null,10,119,1015,'F','N');
INSERT INTO tbPart(platedElement,targetValue,stock,price,typeID,custom) VALUES (null,20,118,915,'F','N');
INSERT INTO tbPart(platedElement,targetValue,stock,price,typeID,custom) VALUES (null,40,115,825,'F','N');
INSERT INTO tbPart(platedElement,targetValue,stock,price,typeID,custom) VALUES (null,80,115,740,'F','N');
INSERT INTO tbPart(platedElement,targetValue,stock,price,typeID,custom) VALUES (null,120,155,665,'F','N');
INSERT INTO tbPart(platedElement,targetValue,stock,price,typeID,custom) VALUES (null,160,127,600,'F','N');
INSERT INTO tbPart(platedElement,targetValue,stock,price,typeID,custom) VALUES (null,200,79,540,'F','N');
INSERT INTO tbPart(platedElement,targetValue,stock,price,typeID,custom) VALUES (null,240,112,485,'F','N');
INSERT INTO tbPart(platedElement,targetValue,stock,price,typeID,custom) VALUES (null,280,173,435,'F','N');
INSERT INTO tbPart(platedElement,targetValue,stock,price,typeID,custom) VALUES (null,320,68,395,'F','N');
INSERT INTO tbPart(platedElement,targetValue,stock,price,typeID,custom) VALUES (null,360,107,355,'F','N');
INSERT INTO tbPart(platedElement,targetValue,stock,price,typeID,custom) VALUES (null,400,114,320,'F','N');
INSERT INTO tbPart(platedElement,targetValue,stock,price,typeID,custom) VALUES (null,440,73,285,'F','N');
INSERT INTO tbPart(platedElement,targetValue,stock,price,typeID,custom) VALUES (null,480,75,260,'F','N');
INSERT INTO tbPart(platedElement,targetValue,stock,price,typeID,custom) VALUES (null,520,15,230,'F','N');
INSERT INTO tbPart(platedElement,targetValue,stock,price,typeID,custom) VALUES (null,560,87,210,'F','N');
INSERT INTO tbPart(platedElement,targetValue,stock,price,typeID,custom) VALUES (null,600,144,190,'F','N');
INSERT INTO tbPart(platedElement,targetValue,stock,price,typeID,custom) VALUES (null,640,150,170,'F','N');
INSERT INTO tbPart(platedElement,targetValue,stock,price,typeID,custom) VALUES (null,680,51,155,'F','N');
INSERT INTO tbPart(platedElement,targetValue,stock,price,typeID,custom) VALUES (null,720,7,135,'F','N');
INSERT INTO tbPart(platedElement,targetValue,stock,price,typeID,custom) VALUES (null,760,86,125,'F','N');
INSERT INTO tbPart(platedElement,targetValue,stock,price,typeID,custom) VALUES (null,800,66,110,'F','N');
INSERT INTO tbPart(platedElement,targetValue,stock,price,typeID,custom) VALUES (null,2,192,1265,'F','N');
INSERT INTO tbPart(platedElement,targetValue,stock,price,typeID,custom) VALUES (null,4,140,1140,'F','N');
INSERT INTO tbPart(platedElement,targetValue,stock,price,typeID,custom) VALUES (null,10,75,1025,'F','N');
INSERT INTO tbPart(platedElement,targetValue,stock,price,typeID,custom) VALUES (null,20,111,920,'F','N');
INSERT INTO tbPart(platedElement,targetValue,stock,price,typeID,custom) VALUES (null,40,55,830,'F','N');
INSERT INTO tbPart(platedElement,targetValue,stock,price,typeID,custom) VALUES (null,80,77,745,'F','N');
INSERT INTO tbPart(platedElement,targetValue,stock,price,typeID,custom) VALUES (null,120,175,670,'F','N');
INSERT INTO tbPart(platedElement,targetValue,stock,price,typeID,custom) VALUES (null,160,192,605,'F','N');
INSERT INTO tbPart(platedElement,targetValue,stock,price,typeID,custom) VALUES (null,200,129,545,'F','N');
INSERT INTO tbPart(platedElement,targetValue,stock,price,typeID,custom) VALUES (null,240,150,490,'F','N');
INSERT INTO tbPart(platedElement,targetValue,stock,price,typeID,custom) VALUES (null,280,168,440,'F','N');
INSERT INTO tbPart(platedElement,targetValue,stock,price,typeID,custom) VALUES (null,320,33,395,'F','N');
INSERT INTO tbPart(platedElement,targetValue,stock,price,typeID,custom) VALUES (null,360,112,355,'F','N');
INSERT INTO tbPart(platedElement,targetValue,stock,price,typeID,custom) VALUES (null,400,121,320,'F','N');
INSERT INTO tbPart(platedElement,targetValue,stock,price,typeID,custom) VALUES (null,440,25,290,'F','N');
INSERT INTO tbPart(platedElement,targetValue,stock,price,typeID,custom) VALUES (null,480,156,260,'F','N');
INSERT INTO tbPart(platedElement,targetValue,stock,price,typeID,custom) VALUES (null,520,157,235,'F','N');
INSERT INTO tbPart(platedElement,targetValue,stock,price,typeID,custom) VALUES (null,560,191,210,'F','N');
INSERT INTO tbPart(platedElement,targetValue,stock,price,typeID,custom) VALUES (null,600,38,190,'F','N');
INSERT INTO tbPart(platedElement,targetValue,stock,price,typeID,custom) VALUES (null,640,16,170,'F','N');
INSERT INTO tbPart(platedElement,targetValue,stock,price,typeID,custom) VALUES (null,680,28,155,'F','N');
INSERT INTO tbPart(platedElement,targetValue,stock,price,typeID,custom) VALUES (null,720,28,140,'F','N');
INSERT INTO tbPart(platedElement,targetValue,stock,price,typeID,custom) VALUES (null,760,21,125,'F','N');
INSERT INTO tbPart(platedElement,targetValue,stock,price,typeID,custom) VALUES (null,800,74,110,'F','N');
INSERT INTO tbPart(platedElement,targetValue,stock,price,typeID,custom) VALUES (null,2,58,1080,'F','N');
INSERT INTO tbPart(platedElement,targetValue,stock,price,typeID,custom) VALUES (null,4,46,970,'F','N');
INSERT INTO tbPart(platedElement,targetValue,stock,price,typeID,custom) VALUES (null,10,38,875,'F','N');
INSERT INTO tbPart(platedElement,targetValue,stock,price,typeID,custom) VALUES (null,20,128,785,'F','N');
INSERT INTO tbPart(platedElement,targetValue,stock,price,typeID,custom) VALUES (null,40,181,710,'F','N');
INSERT INTO tbPart(platedElement,targetValue,stock,price,typeID,custom) VALUES (null,80,140,635,'F','N');
INSERT INTO tbPart(platedElement,targetValue,stock,price,typeID,custom) VALUES (null,120,38,575,'F','N');
INSERT INTO tbPart(platedElement,targetValue,stock,price,typeID,custom) VALUES (null,160,152,515,'F','N');
INSERT INTO tbPart(platedElement,targetValue,stock,price,typeID,custom) VALUES (null,200,38,465,'F','N');
INSERT INTO tbPart(platedElement,targetValue,stock,price,typeID,custom) VALUES (null,240,156,420,'F','N');
INSERT INTO tbPart(platedElement,targetValue,stock,price,typeID,custom) VALUES (null,280,26,375,'F','N');
INSERT INTO tbPart(platedElement,targetValue,stock,price,typeID,custom) VALUES (null,320,180,340,'F','N');
INSERT INTO tbPart(platedElement,targetValue,stock,price,typeID,custom) VALUES (null,360,93,305,'F','N');
INSERT INTO tbPart(platedElement,targetValue,stock,price,typeID,custom) VALUES (null,400,26,275,'F','N');
INSERT INTO tbPart(platedElement,targetValue,stock,price,typeID,custom) VALUES (null,440,7,245,'F','N');
INSERT INTO tbPart(platedElement,targetValue,stock,price,typeID,custom) VALUES (null,480,67,220,'F','N');
INSERT INTO tbPart(platedElement,targetValue,stock,price,typeID,custom) VALUES (null,520,154,200,'F','N');
INSERT INTO tbPart(platedElement,targetValue,stock,price,typeID,custom) VALUES (null,560,195,180,'F','N');
INSERT INTO tbPart(platedElement,targetValue,stock,price,typeID,custom) VALUES (null,600,197,160,'F','N');
INSERT INTO tbPart(platedElement,targetValue,stock,price,typeID,custom) VALUES (null,640,11,145,'F','N');
INSERT INTO tbPart(platedElement,targetValue,stock,price,typeID,custom) VALUES (null,680,77,130,'F','N');
INSERT INTO tbPart(platedElement,targetValue,stock,price,typeID,custom) VALUES (null,720,55,120,'F','N');
INSERT INTO tbPart(platedElement,targetValue,stock,price,typeID,custom) VALUES (null,760,41,105,'F','N');
INSERT INTO tbPart(platedElement,targetValue,stock,price,typeID,custom) VALUES (null,800,66,95,'F','N');
INSERT INTO tbPart(platedElement,targetValue,stock,price,typeID,custom) VALUES (null,2,190,845,'F','N');
INSERT INTO tbPart(platedElement,targetValue,stock,price,typeID,custom) VALUES (null,4,197,760,'F','N');
INSERT INTO tbPart(platedElement,targetValue,stock,price,typeID,custom) VALUES (null,10,143,685,'F','N');
INSERT INTO tbPart(platedElement,targetValue,stock,price,typeID,custom) VALUES (null,20,42,615,'F','N');
INSERT INTO tbPart(platedElement,targetValue,stock,price,typeID,custom) VALUES (null,40,92,555,'F','N');
INSERT INTO tbPart(platedElement,targetValue,stock,price,typeID,custom) VALUES (null,80,185,500,'F','N');
INSERT INTO tbPart(platedElement,targetValue,stock,price,typeID,custom) VALUES (null,120,102,450,'F','N');
INSERT INTO tbPart(platedElement,targetValue,stock,price,typeID,custom) VALUES (null,160,181,405,'F','N');
INSERT INTO tbPart(platedElement,targetValue,stock,price,typeID,custom) VALUES (null,200,63,365,'F','N');
INSERT INTO tbPart(platedElement,targetValue,stock,price,typeID,custom) VALUES (null,240,138,330,'F','N');
INSERT INTO tbPart(platedElement,targetValue,stock,price,typeID,custom) VALUES (null,280,43,295,'F','N');
INSERT INTO tbPart(platedElement,targetValue,stock,price,typeID,custom) VALUES (null,320,112,265,'F','N');
INSERT INTO tbPart(platedElement,targetValue,stock,price,typeID,custom) VALUES (null,360,156,240,'F','N');
INSERT INTO tbPart(platedElement,targetValue,stock,price,typeID,custom) VALUES (null,400,71,215,'F','N');
INSERT INTO tbPart(platedElement,targetValue,stock,price,typeID,custom) VALUES (null,440,77,195,'F','N');
INSERT INTO tbPart(platedElement,targetValue,stock,price,typeID,custom) VALUES (null,480,144,175,'F','N');
INSERT INTO tbPart(platedElement,targetValue,stock,price,typeID,custom) VALUES (null,520,6,155,'F','N');
INSERT INTO tbPart(platedElement,targetValue,stock,price,typeID,custom) VALUES (null,560,31,140,'F','N');
INSERT INTO tbPart(platedElement,targetValue,stock,price,typeID,custom) VALUES (null,600,152,125,'F','N');
INSERT INTO tbPart(platedElement,targetValue,stock,price,typeID,custom) VALUES (null,640,171,115,'F','N');
INSERT INTO tbPart(platedElement,targetValue,stock,price,typeID,custom) VALUES (null,680,6,105,'F','N');
INSERT INTO tbPart(platedElement,targetValue,stock,price,typeID,custom) VALUES (null,720,173,95,'F','N');
INSERT INTO tbPart(platedElement,targetValue,stock,price,typeID,custom) VALUES (null,760,83,85,'F','N');
INSERT INTO tbPart(platedElement,targetValue,stock,price,typeID,custom) VALUES (null,800,79,75,'F','N');
INSERT INTO tbPart(platedElement,targetValue,stock,price,typeID,custom) VALUES (null,2,69,880,'F','N');
INSERT INTO tbPart(platedElement,targetValue,stock,price,typeID,custom) VALUES (null,4,75,795,'F','N');
INSERT INTO tbPart(platedElement,targetValue,stock,price,typeID,custom) VALUES (null,10,195,715,'F','N');
INSERT INTO tbPart(platedElement,targetValue,stock,price,typeID,custom) VALUES (null,20,200,645,'F','N');
INSERT INTO tbPart(platedElement,targetValue,stock,price,typeID,custom) VALUES (null,40,147,580,'F','N');
INSERT INTO tbPart(platedElement,targetValue,stock,price,typeID,custom) VALUES (null,80,153,520,'F','N');
INSERT INTO tbPart(platedElement,targetValue,stock,price,typeID,custom) VALUES (null,120,104,470,'F','N');
INSERT INTO tbPart(platedElement,targetValue,stock,price,typeID,custom) VALUES (null,160,154,420,'F','N');
INSERT INTO tbPart(platedElement,targetValue,stock,price,typeID,custom) VALUES (null,200,198,380,'F','N');
INSERT INTO tbPart(platedElement,targetValue,stock,price,typeID,custom) VALUES (null,240,118,340,'F','N');
INSERT INTO tbPart(platedElement,targetValue,stock,price,typeID,custom) VALUES (null,280,69,310,'F','N');
INSERT INTO tbPart(platedElement,targetValue,stock,price,typeID,custom) VALUES (null,320,118,275,'F','N');
INSERT INTO tbPart(platedElement,targetValue,stock,price,typeID,custom) VALUES (null,360,152,250,'F','N');
INSERT INTO tbPart(platedElement,targetValue,stock,price,typeID,custom) VALUES (null,400,148,225,'F','N');
INSERT INTO tbPart(platedElement,targetValue,stock,price,typeID,custom) VALUES (null,440,162,200,'F','N');
INSERT INTO tbPart(platedElement,targetValue,stock,price,typeID,custom) VALUES (null,480,150,180,'F','N');
INSERT INTO tbPart(platedElement,targetValue,stock,price,typeID,custom) VALUES (null,520,27,165,'F','N');
INSERT INTO tbPart(platedElement,targetValue,stock,price,typeID,custom) VALUES (null,560,57,145,'F','N');
INSERT INTO tbPart(platedElement,targetValue,stock,price,typeID,custom) VALUES (null,600,158,130,'F','N');
INSERT INTO tbPart(platedElement,targetValue,stock,price,typeID,custom) VALUES (null,640,174,120,'F','N');
INSERT INTO tbPart(platedElement,targetValue,stock,price,typeID,custom) VALUES (null,680,107,105,'F','N');
INSERT INTO tbPart(platedElement,targetValue,stock,price,typeID,custom) VALUES (null,720,17,95,'F','N');
INSERT INTO tbPart(platedElement,targetValue,stock,price,typeID,custom) VALUES (null,760,117,85,'F','N');
INSERT INTO tbPart(platedElement,targetValue,stock,price,typeID,custom) VALUES (null,800,126,80,'F','N');
INSERT INTO tbPart(platedElement,targetValue,stock,price,typeID,custom) VALUES (null,2,190,650,'F','N');
INSERT INTO tbPart(platedElement,targetValue,stock,price,typeID,custom) VALUES (null,4,24,585,'F','N');
INSERT INTO tbPart(platedElement,targetValue,stock,price,typeID,custom) VALUES (null,10,178,530,'F','N');
INSERT INTO tbPart(platedElement,targetValue,stock,price,typeID,custom) VALUES (null,20,120,475,'F','N');
INSERT INTO tbPart(platedElement,targetValue,stock,price,typeID,custom) VALUES (null,40,152,430,'F','N');
INSERT INTO tbPart(platedElement,targetValue,stock,price,typeID,custom) VALUES (null,80,188,385,'F','N');
INSERT INTO tbPart(platedElement,targetValue,stock,price,typeID,custom) VALUES (null,120,171,345,'F','N');
INSERT INTO tbPart(platedElement,targetValue,stock,price,typeID,custom) VALUES (null,160,105,310,'F','N');
INSERT INTO tbPart(platedElement,targetValue,stock,price,typeID,custom) VALUES (null,200,53,280,'F','N');
INSERT INTO tbPart(platedElement,targetValue,stock,price,typeID,custom) VALUES (null,240,114,255,'F','N');
INSERT INTO tbPart(platedElement,targetValue,stock,price,typeID,custom) VALUES (null,280,161,225,'F','N');
INSERT INTO tbPart(platedElement,targetValue,stock,price,typeID,custom) VALUES (null,320,147,205,'F','N');
INSERT INTO tbPart(platedElement,targetValue,stock,price,typeID,custom) VALUES (null,360,49,185,'F','N');
INSERT INTO tbPart(platedElement,targetValue,stock,price,typeID,custom) VALUES (null,400,64,165,'F','N');
INSERT INTO tbPart(platedElement,targetValue,stock,price,typeID,custom) VALUES (null,440,63,150,'F','N');
INSERT INTO tbPart(platedElement,targetValue,stock,price,typeID,custom) VALUES (null,480,25,135,'F','N');
INSERT INTO tbPart(platedElement,targetValue,stock,price,typeID,custom) VALUES (null,520,73,120,'F','N');
INSERT INTO tbPart(platedElement,targetValue,stock,price,typeID,custom) VALUES (null,560,38,110,'F','N');
INSERT INTO tbPart(platedElement,targetValue,stock,price,typeID,custom) VALUES (null,600,162,100,'F','N');
INSERT INTO tbPart(platedElement,targetValue,stock,price,typeID,custom) VALUES (null,640,159,90,'F','N');
INSERT INTO tbPart(platedElement,targetValue,stock,price,typeID,custom) VALUES (null,680,84,80,'F','N');
INSERT INTO tbPart(platedElement,targetValue,stock,price,typeID,custom) VALUES (null,720,14,70,'F','N');
INSERT INTO tbPart(platedElement,targetValue,stock,price,typeID,custom) VALUES (null,760,40,65,'F','N');
INSERT INTO tbPart(platedElement,targetValue,stock,price,typeID,custom) VALUES (null,800,153,60,'F','N');
INSERT INTO tbPart(platedElement,targetValue,stock,price,typeID,custom) VALUES (null,2,9,715,'F','N');
INSERT INTO tbPart(platedElement,targetValue,stock,price,typeID,custom) VALUES (null,4,191,640,'F','N');
INSERT INTO tbPart(platedElement,targetValue,stock,price,typeID,custom) VALUES (null,10,104,580,'F','N');
INSERT INTO tbPart(platedElement,targetValue,stock,price,typeID,custom) VALUES (null,20,134,520,'F','N');
INSERT INTO tbPart(platedElement,targetValue,stock,price,typeID,custom) VALUES (null,40,196,470,'F','N');
INSERT INTO tbPart(platedElement,targetValue,stock,price,typeID,custom) VALUES (null,80,21,420,'F','N');
INSERT INTO tbPart(platedElement,targetValue,stock,price,typeID,custom) VALUES (null,120,187,380,'F','N');
INSERT INTO tbPart(platedElement,targetValue,stock,price,typeID,custom) VALUES (null,160,155,340,'F','N');
INSERT INTO tbPart(platedElement,targetValue,stock,price,typeID,custom) VALUES (null,200,148,305,'F','N');
INSERT INTO tbPart(platedElement,targetValue,stock,price,typeID,custom) VALUES (null,240,47,275,'F','N');
INSERT INTO tbPart(platedElement,targetValue,stock,price,typeID,custom) VALUES (null,280,100,250,'F','N');
INSERT INTO tbPart(platedElement,targetValue,stock,price,typeID,custom) VALUES (null,320,103,225,'F','N');
INSERT INTO tbPart(platedElement,targetValue,stock,price,typeID,custom) VALUES (null,360,195,200,'F','N');
INSERT INTO tbPart(platedElement,targetValue,stock,price,typeID,custom) VALUES (null,400,45,180,'F','N');
INSERT INTO tbPart(platedElement,targetValue,stock,price,typeID,custom) VALUES (null,440,85,165,'F','N');
INSERT INTO tbPart(platedElement,targetValue,stock,price,typeID,custom) VALUES (null,480,11,145,'F','N');
INSERT INTO tbPart(platedElement,targetValue,stock,price,typeID,custom) VALUES (null,520,187,130,'F','N');
INSERT INTO tbPart(platedElement,targetValue,stock,price,typeID,custom) VALUES (null,560,149,120,'F','N');
INSERT INTO tbPart(platedElement,targetValue,stock,price,typeID,custom) VALUES (null,600,15,105,'F','N');
INSERT INTO tbPart(platedElement,targetValue,stock,price,typeID,custom) VALUES (null,640,157,95,'F','N');
INSERT INTO tbPart(platedElement,targetValue,stock,price,typeID,custom) VALUES (null,680,194,85,'F','N');
INSERT INTO tbPart(platedElement,targetValue,stock,price,typeID,custom) VALUES (null,720,45,80,'F','N');
INSERT INTO tbPart(platedElement,targetValue,stock,price,typeID,custom) VALUES (null,760,155,70,'F','N');
INSERT INTO tbPart(platedElement,targetValue,stock,price,typeID,custom) VALUES (null,800,172,65,'F','N');
INSERT INTO tbPart(platedElement,targetValue,stock,price,typeID,custom) VALUES (null,2,18,1010,'F','N');
INSERT INTO tbPart(platedElement,targetValue,stock,price,typeID,custom) VALUES (null,4,133,905,'F','N');
INSERT INTO tbPart(platedElement,targetValue,stock,price,typeID,custom) VALUES (null,10,24,815,'F','N');
INSERT INTO tbPart(platedElement,targetValue,stock,price,typeID,custom) VALUES (null,20,20,735,'F','N');
INSERT INTO tbPart(platedElement,targetValue,stock,price,typeID,custom) VALUES (null,40,124,660,'F','N');
INSERT INTO tbPart(platedElement,targetValue,stock,price,typeID,custom) VALUES (null,80,141,595,'F','N');
INSERT INTO tbPart(platedElement,targetValue,stock,price,typeID,custom) VALUES (null,120,75,535,'F','N');
INSERT INTO tbPart(platedElement,targetValue,stock,price,typeID,custom) VALUES (null,160,149,480,'F','N');
INSERT INTO tbPart(platedElement,targetValue,stock,price,typeID,custom) VALUES (null,200,126,435,'F','N');
INSERT INTO tbPart(platedElement,targetValue,stock,price,typeID,custom) VALUES (null,240,157,390,'F','N');
INSERT INTO tbPart(platedElement,targetValue,stock,price,typeID,custom) VALUES (null,280,35,350,'F','N');
INSERT INTO tbPart(platedElement,targetValue,stock,price,typeID,custom) VALUES (null,320,152,315,'F','N');
INSERT INTO tbPart(platedElement,targetValue,stock,price,typeID,custom) VALUES (null,360,150,285,'F','N');
INSERT INTO tbPart(platedElement,targetValue,stock,price,typeID,custom) VALUES (null,400,198,255,'F','N');
INSERT INTO tbPart(platedElement,targetValue,stock,price,typeID,custom) VALUES (null,440,85,230,'F','N');
INSERT INTO tbPart(platedElement,targetValue,stock,price,typeID,custom) VALUES (null,480,181,205,'F','N');
INSERT INTO tbPart(platedElement,targetValue,stock,price,typeID,custom) VALUES (null,520,180,185,'F','N');
INSERT INTO tbPart(platedElement,targetValue,stock,price,typeID,custom) VALUES (null,560,77,170,'F','N');
INSERT INTO tbPart(platedElement,targetValue,stock,price,typeID,custom) VALUES (null,600,199,150,'F','N');
INSERT INTO tbPart(platedElement,targetValue,stock,price,typeID,custom) VALUES (null,640,82,135,'F','N');
INSERT INTO tbPart(platedElement,targetValue,stock,price,typeID,custom) VALUES (null,680,100,120,'F','N');
INSERT INTO tbPart(platedElement,targetValue,stock,price,typeID,custom) VALUES (null,720,82,110,'F','N');
INSERT INTO tbPart(platedElement,targetValue,stock,price,typeID,custom) VALUES (null,760,44,100,'F','N');
INSERT INTO tbPart(platedElement,targetValue,stock,price,typeID,custom) VALUES (null,800,72,90,'F','N');
INSERT INTO tbPart(platedElement,targetValue,stock,price,typeID,custom) VALUES (null,2,199,645,'F','N');
INSERT INTO tbPart(platedElement,targetValue,stock,price,typeID,custom) VALUES (null,4,51,580,'F','N');
INSERT INTO tbPart(platedElement,targetValue,stock,price,typeID,custom) VALUES (null,10,70,520,'F','N');
INSERT INTO tbPart(platedElement,targetValue,stock,price,typeID,custom) VALUES (null,20,176,470,'F','N');
INSERT INTO tbPart(platedElement,targetValue,stock,price,typeID,custom) VALUES (null,40,16,425,'F','N');
INSERT INTO tbPart(platedElement,targetValue,stock,price,typeID,custom) VALUES (null,80,195,380,'F','N');
INSERT INTO tbPart(platedElement,targetValue,stock,price,typeID,custom) VALUES (null,120,56,345,'F','N');
INSERT INTO tbPart(platedElement,targetValue,stock,price,typeID,custom) VALUES (null,160,42,310,'F','N');
INSERT INTO tbPart(platedElement,targetValue,stock,price,typeID,custom) VALUES (null,200,94,280,'F','N');
INSERT INTO tbPart(platedElement,targetValue,stock,price,typeID,custom) VALUES (null,240,174,250,'F','N');
INSERT INTO tbPart(platedElement,targetValue,stock,price,typeID,custom) VALUES (null,280,81,225,'F','N');
INSERT INTO tbPart(platedElement,targetValue,stock,price,typeID,custom) VALUES (null,320,156,200,'F','N');
INSERT INTO tbPart(platedElement,targetValue,stock,price,typeID,custom) VALUES (null,360,128,180,'F','N');
INSERT INTO tbPart(platedElement,targetValue,stock,price,typeID,custom) VALUES (null,400,52,165,'F','N');
INSERT INTO tbPart(platedElement,targetValue,stock,price,typeID,custom) VALUES (null,440,177,150,'F','N');
INSERT INTO tbPart(platedElement,targetValue,stock,price,typeID,custom) VALUES (null,480,134,135,'F','N');
INSERT INTO tbPart(platedElement,targetValue,stock,price,typeID,custom) VALUES (null,520,24,120,'F','N');
INSERT INTO tbPart(platedElement,targetValue,stock,price,typeID,custom) VALUES (null,560,22,110,'F','N');
INSERT INTO tbPart(platedElement,targetValue,stock,price,typeID,custom) VALUES (null,600,56,95,'F','N');
INSERT INTO tbPart(platedElement,targetValue,stock,price,typeID,custom) VALUES (null,640,24,85,'F','N');
INSERT INTO tbPart(platedElement,targetValue,stock,price,typeID,custom) VALUES (null,680,125,80,'F','N');
INSERT INTO tbPart(platedElement,targetValue,stock,price,typeID,custom) VALUES (null,720,67,70,'F','N');
INSERT INTO tbPart(platedElement,targetValue,stock,price,typeID,custom) VALUES (null,760,35,65,'F','N');
INSERT INTO tbPart(platedElement,targetValue,stock,price,typeID,custom) VALUES (null,800,139,55,'F','N');
INSERT INTO tbPart(platedElement,targetValue,stock,price,typeID,custom) VALUES (null,2,36,1210,'F','N');
INSERT INTO tbPart(platedElement,targetValue,stock,price,typeID,custom) VALUES (null,4,137,1090,'F','N');
INSERT INTO tbPart(platedElement,targetValue,stock,price,typeID,custom) VALUES (null,10,85,980,'F','N');
INSERT INTO tbPart(platedElement,targetValue,stock,price,typeID,custom) VALUES (null,20,121,880,'F','N');
INSERT INTO tbPart(platedElement,targetValue,stock,price,typeID,custom) VALUES (null,40,64,795,'F','N');
INSERT INTO tbPart(platedElement,targetValue,stock,price,typeID,custom) VALUES (null,80,129,715,'F','N');
INSERT INTO tbPart(platedElement,targetValue,stock,price,typeID,custom) VALUES (null,120,42,645,'F','N');
INSERT INTO tbPart(platedElement,targetValue,stock,price,typeID,custom) VALUES (null,160,98,580,'F','N');
INSERT INTO tbPart(platedElement,targetValue,stock,price,typeID,custom) VALUES (null,200,84,520,'F','N');
INSERT INTO tbPart(platedElement,targetValue,stock,price,typeID,custom) VALUES (null,240,94,470,'F','N');
INSERT INTO tbPart(platedElement,targetValue,stock,price,typeID,custom) VALUES (null,280,120,420,'F','N');
INSERT INTO tbPart(platedElement,targetValue,stock,price,typeID,custom) VALUES (null,320,195,380,'F','N');
INSERT INTO tbPart(platedElement,targetValue,stock,price,typeID,custom) VALUES (null,360,37,340,'F','N');
INSERT INTO tbPart(platedElement,targetValue,stock,price,typeID,custom) VALUES (null,400,171,310,'F','N');
INSERT INTO tbPart(platedElement,targetValue,stock,price,typeID,custom) VALUES (null,440,146,275,'F','N');
INSERT INTO tbPart(platedElement,targetValue,stock,price,typeID,custom) VALUES (null,480,42,250,'F','N');
INSERT INTO tbPart(platedElement,targetValue,stock,price,typeID,custom) VALUES (null,520,181,225,'F','N');
INSERT INTO tbPart(platedElement,targetValue,stock,price,typeID,custom) VALUES (null,560,182,200,'F','N');
INSERT INTO tbPart(platedElement,targetValue,stock,price,typeID,custom) VALUES (null,600,164,180,'F','N');
INSERT INTO tbPart(platedElement,targetValue,stock,price,typeID,custom) VALUES (null,640,134,165,'F','N');
INSERT INTO tbPart(platedElement,targetValue,stock,price,typeID,custom) VALUES (null,680,48,145,'F','N');
INSERT INTO tbPart(platedElement,targetValue,stock,price,typeID,custom) VALUES (null,720,178,130,'F','N');
INSERT INTO tbPart(platedElement,targetValue,stock,price,typeID,custom) VALUES (null,760,140,120,'F','N');
INSERT INTO tbPart(platedElement,targetValue,stock,price,typeID,custom) VALUES (null,800,133,105,'F','N');
INSERT INTO tbPart(platedElement,targetValue,stock,price,typeID,custom) VALUES (null,2,43,1030,'F','N');
INSERT INTO tbPart(platedElement,targetValue,stock,price,typeID,custom) VALUES (null,4,92,930,'F','N');
INSERT INTO tbPart(platedElement,targetValue,stock,price,typeID,custom) VALUES (null,10,122,835,'F','N');
INSERT INTO tbPart(platedElement,targetValue,stock,price,typeID,custom) VALUES (null,20,165,750,'F','N');
INSERT INTO tbPart(platedElement,targetValue,stock,price,typeID,custom) VALUES (null,40,74,675,'F','N');
INSERT INTO tbPart(platedElement,targetValue,stock,price,typeID,custom) VALUES (null,80,187,610,'F','N');
INSERT INTO tbPart(platedElement,targetValue,stock,price,typeID,custom) VALUES (null,120,140,550,'F','N');
INSERT INTO tbPart(platedElement,targetValue,stock,price,typeID,custom) VALUES (null,160,42,495,'F','N');
INSERT INTO tbPart(platedElement,targetValue,stock,price,typeID,custom) VALUES (null,200,5,445,'F','N');
INSERT INTO tbPart(platedElement,targetValue,stock,price,typeID,custom) VALUES (null,240,57,400,'F','N');
INSERT INTO tbPart(platedElement,targetValue,stock,price,typeID,custom) VALUES (null,280,171,360,'F','N');
INSERT INTO tbPart(platedElement,targetValue,stock,price,typeID,custom) VALUES (null,320,26,325,'F','N');
INSERT INTO tbPart(platedElement,targetValue,stock,price,typeID,custom) VALUES (null,360,164,290,'F','N');
INSERT INTO tbPart(platedElement,targetValue,stock,price,typeID,custom) VALUES (null,400,8,260,'F','N');
INSERT INTO tbPart(platedElement,targetValue,stock,price,typeID,custom) VALUES (null,440,189,235,'F','N');
INSERT INTO tbPart(platedElement,targetValue,stock,price,typeID,custom) VALUES (null,480,56,210,'F','N');
INSERT INTO tbPart(platedElement,targetValue,stock,price,typeID,custom) VALUES (null,520,13,190,'F','N');
INSERT INTO tbPart(platedElement,targetValue,stock,price,typeID,custom) VALUES (null,560,80,170,'F','N');
INSERT INTO tbPart(platedElement,targetValue,stock,price,typeID,custom) VALUES (null,600,103,155,'F','N');
INSERT INTO tbPart(platedElement,targetValue,stock,price,typeID,custom) VALUES (null,640,29,140,'F','N');
INSERT INTO tbPart(platedElement,targetValue,stock,price,typeID,custom) VALUES (null,680,192,125,'F','N');
INSERT INTO tbPart(platedElement,targetValue,stock,price,typeID,custom) VALUES (null,720,64,115,'F','N');
INSERT INTO tbPart(platedElement,targetValue,stock,price,typeID,custom) VALUES (null,760,100,100,'F','N');
INSERT INTO tbPart(platedElement,targetValue,stock,price,typeID,custom) VALUES (null,800,56,90,'F','N');
INSERT INTO tbPart(platedElement,targetValue,stock,price,typeID,custom) VALUES (null,2,36,765,'F','N');
INSERT INTO tbPart(platedElement,targetValue,stock,price,typeID,custom) VALUES (null,4,138,685,'F','N');
INSERT INTO tbPart(platedElement,targetValue,stock,price,typeID,custom) VALUES (null,10,12,620,'F','N');
INSERT INTO tbPart(platedElement,targetValue,stock,price,typeID,custom) VALUES (null,20,132,555,'F','N');
INSERT INTO tbPart(platedElement,targetValue,stock,price,typeID,custom) VALUES (null,40,19,500,'F','N');
INSERT INTO tbPart(platedElement,targetValue,stock,price,typeID,custom) VALUES (null,80,166,450,'F','N');
INSERT INTO tbPart(platedElement,targetValue,stock,price,typeID,custom) VALUES (null,120,107,405,'F','N');
INSERT INTO tbPart(platedElement,targetValue,stock,price,typeID,custom) VALUES (null,160,72,365,'F','N');
INSERT INTO tbPart(platedElement,targetValue,stock,price,typeID,custom) VALUES (null,200,162,330,'F','N');
INSERT INTO tbPart(platedElement,targetValue,stock,price,typeID,custom) VALUES (null,240,175,295,'F','N');
INSERT INTO tbPart(platedElement,targetValue,stock,price,typeID,custom) VALUES (null,280,72,265,'F','N');
INSERT INTO tbPart(platedElement,targetValue,stock,price,typeID,custom) VALUES (null,320,194,240,'F','N');
INSERT INTO tbPart(platedElement,targetValue,stock,price,typeID,custom) VALUES (null,360,153,215,'F','N');
INSERT INTO tbPart(platedElement,targetValue,stock,price,typeID,custom) VALUES (null,400,143,195,'F','N');
INSERT INTO tbPart(platedElement,targetValue,stock,price,typeID,custom) VALUES (null,440,20,175,'F','N');
INSERT INTO tbPart(platedElement,targetValue,stock,price,typeID,custom) VALUES (null,480,19,155,'F','N');
INSERT INTO tbPart(platedElement,targetValue,stock,price,typeID,custom) VALUES (null,520,155,140,'F','N');
INSERT INTO tbPart(platedElement,targetValue,stock,price,typeID,custom) VALUES (null,560,15,125,'F','N');
INSERT INTO tbPart(platedElement,targetValue,stock,price,typeID,custom) VALUES (null,600,61,115,'F','N');
INSERT INTO tbPart(platedElement,targetValue,stock,price,typeID,custom) VALUES (null,640,122,105,'F','N');
INSERT INTO tbPart(platedElement,targetValue,stock,price,typeID,custom) VALUES (null,680,114,95,'F','N');
INSERT INTO tbPart(platedElement,targetValue,stock,price,typeID,custom) VALUES (null,720,14,85,'F','N');
INSERT INTO tbPart(platedElement,targetValue,stock,price,typeID,custom) VALUES (null,760,43,75,'F','N');
INSERT INTO tbPart(platedElement,targetValue,stock,price,typeID,custom) VALUES (null,800,71,70,'F','N');
INSERT INTO tbPart(platedElement,targetValue,stock,price,typeID,custom) VALUES (null,2,126,860,'F','N');
INSERT INTO tbPart(platedElement,targetValue,stock,price,typeID,custom) VALUES (null,4,145,775,'F','N');
INSERT INTO tbPart(platedElement,targetValue,stock,price,typeID,custom) VALUES (null,10,200,695,'F','N');
INSERT INTO tbPart(platedElement,targetValue,stock,price,typeID,custom) VALUES (null,20,79,625,'F','N');
INSERT INTO tbPart(platedElement,targetValue,stock,price,typeID,custom) VALUES (null,40,119,565,'F','N');
INSERT INTO tbPart(platedElement,targetValue,stock,price,typeID,custom) VALUES (null,80,32,505,'F','N');
INSERT INTO tbPart(platedElement,targetValue,stock,price,typeID,custom) VALUES (null,120,103,455,'F','N');
INSERT INTO tbPart(platedElement,targetValue,stock,price,typeID,custom) VALUES (null,160,132,410,'F','N');
INSERT INTO tbPart(platedElement,targetValue,stock,price,typeID,custom) VALUES (null,200,84,370,'F','N');
INSERT INTO tbPart(platedElement,targetValue,stock,price,typeID,custom) VALUES (null,240,186,335,'F','N');
INSERT INTO tbPart(platedElement,targetValue,stock,price,typeID,custom) VALUES (null,280,175,300,'F','N');
INSERT INTO tbPart(platedElement,targetValue,stock,price,typeID,custom) VALUES (null,320,69,270,'F','N');
INSERT INTO tbPart(platedElement,targetValue,stock,price,typeID,custom) VALUES (null,360,10,245,'F','N');
INSERT INTO tbPart(platedElement,targetValue,stock,price,typeID,custom) VALUES (null,400,162,220,'F','N');
INSERT INTO tbPart(platedElement,targetValue,stock,price,typeID,custom) VALUES (null,440,56,195,'F','N');
INSERT INTO tbPart(platedElement,targetValue,stock,price,typeID,custom) VALUES (null,480,141,175,'F','N');
INSERT INTO tbPart(platedElement,targetValue,stock,price,typeID,custom) VALUES (null,520,15,160,'F','N');
INSERT INTO tbPart(platedElement,targetValue,stock,price,typeID,custom) VALUES (null,560,174,145,'F','N');
INSERT INTO tbPart(platedElement,targetValue,stock,price,typeID,custom) VALUES (null,600,169,130,'F','N');
INSERT INTO tbPart(platedElement,targetValue,stock,price,typeID,custom) VALUES (null,640,16,115,'F','N');
INSERT INTO tbPart(platedElement,targetValue,stock,price,typeID,custom) VALUES (null,680,193,105,'F','N');
INSERT INTO tbPart(platedElement,targetValue,stock,price,typeID,custom) VALUES (null,720,42,95,'F','N');
INSERT INTO tbPart(platedElement,targetValue,stock,price,typeID,custom) VALUES (null,760,29,85,'F','N');
INSERT INTO tbPart(platedElement,targetValue,stock,price,typeID,custom) VALUES (null,800,90,75,'F','N');
INSERT INTO tbPart(platedElement,targetValue,stock,price,typeID,custom) VALUES (null,2,158,780,'F','N');
INSERT INTO tbPart(platedElement,targetValue,stock,price,typeID,custom) VALUES (null,4,187,700,'F','N');
INSERT INTO tbPart(platedElement,targetValue,stock,price,typeID,custom) VALUES (null,10,130,630,'F','N');
INSERT INTO tbPart(platedElement,targetValue,stock,price,typeID,custom) VALUES (null,20,190,570,'F','N');
INSERT INTO tbPart(platedElement,targetValue,stock,price,typeID,custom) VALUES (null,40,149,510,'F','N');
INSERT INTO tbPart(platedElement,targetValue,stock,price,typeID,custom) VALUES (null,80,181,460,'F','N');
INSERT INTO tbPart(platedElement,targetValue,stock,price,typeID,custom) VALUES (null,120,100,415,'F','N');
INSERT INTO tbPart(platedElement,targetValue,stock,price,typeID,custom) VALUES (null,160,15,375,'F','N');
INSERT INTO tbPart(platedElement,targetValue,stock,price,typeID,custom) VALUES (null,200,177,335,'F','N');
INSERT INTO tbPart(platedElement,targetValue,stock,price,typeID,custom) VALUES (null,240,150,300,'F','N');
INSERT INTO tbPart(platedElement,targetValue,stock,price,typeID,custom) VALUES (null,280,12,270,'F','N');
INSERT INTO tbPart(platedElement,targetValue,stock,price,typeID,custom) VALUES (null,320,117,245,'F','N');
INSERT INTO tbPart(platedElement,targetValue,stock,price,typeID,custom) VALUES (null,360,93,220,'F','N');
INSERT INTO tbPart(platedElement,targetValue,stock,price,typeID,custom) VALUES (null,400,73,200,'F','N');
INSERT INTO tbPart(platedElement,targetValue,stock,price,typeID,custom) VALUES (null,440,74,180,'F','N');
INSERT INTO tbPart(platedElement,targetValue,stock,price,typeID,custom) VALUES (null,480,106,160,'F','N');
INSERT INTO tbPart(platedElement,targetValue,stock,price,typeID,custom) VALUES (null,520,97,145,'F','N');
INSERT INTO tbPart(platedElement,targetValue,stock,price,typeID,custom) VALUES (null,560,142,130,'F','N');
INSERT INTO tbPart(platedElement,targetValue,stock,price,typeID,custom) VALUES (null,600,168,115,'F','N');
INSERT INTO tbPart(platedElement,targetValue,stock,price,typeID,custom) VALUES (null,640,139,105,'F','N');
INSERT INTO tbPart(platedElement,targetValue,stock,price,typeID,custom) VALUES (null,680,175,95,'F','N');
INSERT INTO tbPart(platedElement,targetValue,stock,price,typeID,custom) VALUES (null,720,14,85,'F','N');
INSERT INTO tbPart(platedElement,targetValue,stock,price,typeID,custom) VALUES (null,760,177,75,'F','N');
INSERT INTO tbPart(platedElement,targetValue,stock,price,typeID,custom) VALUES (null,800,50,70,'F','N');
INSERT INTO tbPart(platedElement,targetValue,stock,price,typeID,custom) VALUES (null,2,9,550,'F','N');
INSERT INTO tbPart(platedElement,targetValue,stock,price,typeID,custom) VALUES (null,4,13,495,'F','N');
INSERT INTO tbPart(platedElement,targetValue,stock,price,typeID,custom) VALUES (null,10,135,445,'F','N');
INSERT INTO tbPart(platedElement,targetValue,stock,price,typeID,custom) VALUES (null,20,176,400,'F','N');
INSERT INTO tbPart(platedElement,targetValue,stock,price,typeID,custom) VALUES (null,40,167,360,'F','N');
INSERT INTO tbPart(platedElement,targetValue,stock,price,typeID,custom) VALUES (null,80,15,325,'F','N');
INSERT INTO tbPart(platedElement,targetValue,stock,price,typeID,custom) VALUES (null,120,176,290,'F','N');
INSERT INTO tbPart(platedElement,targetValue,stock,price,typeID,custom) VALUES (null,160,129,265,'F','N');
INSERT INTO tbPart(platedElement,targetValue,stock,price,typeID,custom) VALUES (null,200,153,235,'F','N');
INSERT INTO tbPart(platedElement,targetValue,stock,price,typeID,custom) VALUES (null,240,111,215,'F','N');
INSERT INTO tbPart(platedElement,targetValue,stock,price,typeID,custom) VALUES (null,280,96,190,'F','N');
INSERT INTO tbPart(platedElement,targetValue,stock,price,typeID,custom) VALUES (null,320,68,175,'F','N');
INSERT INTO tbPart(platedElement,targetValue,stock,price,typeID,custom) VALUES (null,360,6,155,'F','N');
INSERT INTO tbPart(platedElement,targetValue,stock,price,typeID,custom) VALUES (null,400,148,140,'F','N');
INSERT INTO tbPart(platedElement,targetValue,stock,price,typeID,custom) VALUES (null,440,169,125,'F','N');
INSERT INTO tbPart(platedElement,targetValue,stock,price,typeID,custom) VALUES (null,480,159,115,'F','N');
INSERT INTO tbPart(platedElement,targetValue,stock,price,typeID,custom) VALUES (null,520,180,100,'F','N');
INSERT INTO tbPart(platedElement,targetValue,stock,price,typeID,custom) VALUES (null,560,109,90,'F','N');
INSERT INTO tbPart(platedElement,targetValue,stock,price,typeID,custom) VALUES (null,600,141,85,'F','N');
INSERT INTO tbPart(platedElement,targetValue,stock,price,typeID,custom) VALUES (null,640,167,75,'F','N');
INSERT INTO tbPart(platedElement,targetValue,stock,price,typeID,custom) VALUES (null,680,164,65,'F','N');
INSERT INTO tbPart(platedElement,targetValue,stock,price,typeID,custom) VALUES (null,720,158,60,'F','N');
INSERT INTO tbPart(platedElement,targetValue,stock,price,typeID,custom) VALUES (null,760,82,55,'F','N');
INSERT INTO tbPart(platedElement,targetValue,stock,price,typeID,custom) VALUES (null,800,60,50,'F','N');
INSERT INTO tbPart(platedElement,targetValue,stock,price,typeID,custom) VALUES (null,2,108,575,'F','N');
INSERT INTO tbPart(platedElement,targetValue,stock,price,typeID,custom) VALUES (null,4,41,515,'F','N');
INSERT INTO tbPart(platedElement,targetValue,stock,price,typeID,custom) VALUES (null,10,136,465,'F','N');
INSERT INTO tbPart(platedElement,targetValue,stock,price,typeID,custom) VALUES (null,20,112,420,'F','N');
INSERT INTO tbPart(platedElement,targetValue,stock,price,typeID,custom) VALUES (null,40,116,375,'F','N');
INSERT INTO tbPart(platedElement,targetValue,stock,price,typeID,custom) VALUES (null,80,7,340,'F','N');
INSERT INTO tbPart(platedElement,targetValue,stock,price,typeID,custom) VALUES (null,120,41,305,'F','N');
INSERT INTO tbPart(platedElement,targetValue,stock,price,typeID,custom) VALUES (null,160,62,275,'F','N');
INSERT INTO tbPart(platedElement,targetValue,stock,price,typeID,custom) VALUES (null,200,171,245,'F','N');
INSERT INTO tbPart(platedElement,targetValue,stock,price,typeID,custom) VALUES (null,240,47,220,'F','N');
INSERT INTO tbPart(platedElement,targetValue,stock,price,typeID,custom) VALUES (null,280,17,200,'F','N');
INSERT INTO tbPart(platedElement,targetValue,stock,price,typeID,custom) VALUES (null,320,191,180,'F','N');
INSERT INTO tbPart(platedElement,targetValue,stock,price,typeID,custom) VALUES (null,360,146,160,'F','N');
INSERT INTO tbPart(platedElement,targetValue,stock,price,typeID,custom) VALUES (null,400,86,145,'F','N');
INSERT INTO tbPart(platedElement,targetValue,stock,price,typeID,custom) VALUES (null,440,14,130,'F','N');
INSERT INTO tbPart(platedElement,targetValue,stock,price,typeID,custom) VALUES (null,480,178,120,'F','N');
INSERT INTO tbPart(platedElement,targetValue,stock,price,typeID,custom) VALUES (null,520,118,105,'F','N');
INSERT INTO tbPart(platedElement,targetValue,stock,price,typeID,custom) VALUES (null,560,81,95,'F','N');
INSERT INTO tbPart(platedElement,targetValue,stock,price,typeID,custom) VALUES (null,600,28,85,'F','N');
INSERT INTO tbPart(platedElement,targetValue,stock,price,typeID,custom) VALUES (null,640,61,80,'F','N');
INSERT INTO tbPart(platedElement,targetValue,stock,price,typeID,custom) VALUES (null,680,98,70,'F','N');
INSERT INTO tbPart(platedElement,targetValue,stock,price,typeID,custom) VALUES (null,720,161,65,'F','N');
INSERT INTO tbPart(platedElement,targetValue,stock,price,typeID,custom) VALUES (null,760,118,55,'F','N');
INSERT INTO tbPart(platedElement,targetValue,stock,price,typeID,custom) VALUES (null,800,161,50,'F','N');
INSERT INTO tbPart(platedElement,targetValue,stock,price,typeID,custom) VALUES (null,2,21,800,'F','N');
INSERT INTO tbPart(platedElement,targetValue,stock,price,typeID,custom) VALUES (null,4,96,720,'F','N');
INSERT INTO tbPart(platedElement,targetValue,stock,price,typeID,custom) VALUES (null,10,162,645,'F','N');
INSERT INTO tbPart(platedElement,targetValue,stock,price,typeID,custom) VALUES (null,20,127,580,'F','N');
INSERT INTO tbPart(platedElement,targetValue,stock,price,typeID,custom) VALUES (null,40,121,525,'F','N');
INSERT INTO tbPart(platedElement,targetValue,stock,price,typeID,custom) VALUES (null,80,16,470,'F','N');
INSERT INTO tbPart(platedElement,targetValue,stock,price,typeID,custom) VALUES (null,120,135,425,'F','N');
INSERT INTO tbPart(platedElement,targetValue,stock,price,typeID,custom) VALUES (null,160,54,380,'F','N');
INSERT INTO tbPart(platedElement,targetValue,stock,price,typeID,custom) VALUES (null,200,99,345,'F','N');
INSERT INTO tbPart(platedElement,targetValue,stock,price,typeID,custom) VALUES (null,240,168,310,'F','N');
INSERT INTO tbPart(platedElement,targetValue,stock,price,typeID,custom) VALUES (null,280,112,280,'F','N');
INSERT INTO tbPart(platedElement,targetValue,stock,price,typeID,custom) VALUES (null,320,160,250,'F','N');
INSERT INTO tbPart(platedElement,targetValue,stock,price,typeID,custom) VALUES (null,360,90,225,'F','N');
INSERT INTO tbPart(platedElement,targetValue,stock,price,typeID,custom) VALUES (null,400,16,205,'F','N');
INSERT INTO tbPart(platedElement,targetValue,stock,price,typeID,custom) VALUES (null,440,17,185,'F','N');
INSERT INTO tbPart(platedElement,targetValue,stock,price,typeID,custom) VALUES (null,480,106,165,'F','N');
INSERT INTO tbPart(platedElement,targetValue,stock,price,typeID,custom) VALUES (null,520,10,150,'F','N');
INSERT INTO tbPart(platedElement,targetValue,stock,price,typeID,custom) VALUES (null,560,112,135,'F','N');
INSERT INTO tbPart(platedElement,targetValue,stock,price,typeID,custom) VALUES (null,600,114,120,'F','N');
INSERT INTO tbPart(platedElement,targetValue,stock,price,typeID,custom) VALUES (null,640,86,110,'F','N');
INSERT INTO tbPart(platedElement,targetValue,stock,price,typeID,custom) VALUES (null,680,63,95,'F','N');
INSERT INTO tbPart(platedElement,targetValue,stock,price,typeID,custom) VALUES (null,720,82,85,'F','N');
INSERT INTO tbPart(platedElement,targetValue,stock,price,typeID,custom) VALUES (null,760,109,80,'F','N');
INSERT INTO tbPart(platedElement,targetValue,stock,price,typeID,custom) VALUES (null,800,145,70,'F','N');
INSERT INTO tbPart(platedElement,targetValue,stock,price,typeID,custom) VALUES (null,2,16,955,'F','N');
INSERT INTO tbPart(platedElement,targetValue,stock,price,typeID,custom) VALUES (null,4,107,860,'F','N');
INSERT INTO tbPart(platedElement,targetValue,stock,price,typeID,custom) VALUES (null,10,70,775,'F','N');
INSERT INTO tbPart(platedElement,targetValue,stock,price,typeID,custom) VALUES (null,20,43,695,'F','N');
INSERT INTO tbPart(platedElement,targetValue,stock,price,typeID,custom) VALUES (null,40,16,625,'F','N');
INSERT INTO tbPart(platedElement,targetValue,stock,price,typeID,custom) VALUES (null,80,186,565,'F','N');
INSERT INTO tbPart(platedElement,targetValue,stock,price,typeID,custom) VALUES (null,120,160,510,'F','N');
INSERT INTO tbPart(platedElement,targetValue,stock,price,typeID,custom) VALUES (null,160,61,455,'F','N');
INSERT INTO tbPart(platedElement,targetValue,stock,price,typeID,custom) VALUES (null,200,59,410,'F','N');
INSERT INTO tbPart(platedElement,targetValue,stock,price,typeID,custom) VALUES (null,240,154,370,'F','N');
INSERT INTO tbPart(platedElement,targetValue,stock,price,typeID,custom) VALUES (null,280,135,335,'F','N');
INSERT INTO tbPart(platedElement,targetValue,stock,price,typeID,custom) VALUES (null,320,196,300,'F','N');
INSERT INTO tbPart(platedElement,targetValue,stock,price,typeID,custom) VALUES (null,360,139,270,'F','N');
INSERT INTO tbPart(platedElement,targetValue,stock,price,typeID,custom) VALUES (null,400,120,245,'F','N');
INSERT INTO tbPart(platedElement,targetValue,stock,price,typeID,custom) VALUES (null,440,115,220,'F','N');
INSERT INTO tbPart(platedElement,targetValue,stock,price,typeID,custom) VALUES (null,480,94,195,'F','N');
INSERT INTO tbPart(platedElement,targetValue,stock,price,typeID,custom) VALUES (null,520,180,175,'F','N');
INSERT INTO tbPart(platedElement,targetValue,stock,price,typeID,custom) VALUES (null,560,75,160,'F','N');
INSERT INTO tbPart(platedElement,targetValue,stock,price,typeID,custom) VALUES (null,600,126,145,'F','N');
INSERT INTO tbPart(platedElement,targetValue,stock,price,typeID,custom) VALUES (null,640,87,130,'F','N');
INSERT INTO tbPart(platedElement,targetValue,stock,price,typeID,custom) VALUES (null,680,79,115,'F','N');
INSERT INTO tbPart(platedElement,targetValue,stock,price,typeID,custom) VALUES (null,720,46,105,'F','N');
INSERT INTO tbPart(platedElement,targetValue,stock,price,typeID,custom) VALUES (null,760,139,95,'F','N');
INSERT INTO tbPart(platedElement,targetValue,stock,price,typeID,custom) VALUES (null,800,34,85,'F','N');
INSERT INTO tbPart(platedElement,targetValue,stock,price,typeID,custom) VALUES (null,2,167,1070,'F','N');
INSERT INTO tbPart(platedElement,targetValue,stock,price,typeID,custom) VALUES (null,4,14,965,'F','N');
INSERT INTO tbPart(platedElement,targetValue,stock,price,typeID,custom) VALUES (null,10,131,870,'F','N');
INSERT INTO tbPart(platedElement,targetValue,stock,price,typeID,custom) VALUES (null,20,116,780,'F','N');
INSERT INTO tbPart(platedElement,targetValue,stock,price,typeID,custom) VALUES (null,40,135,705,'F','N');
INSERT INTO tbPart(platedElement,targetValue,stock,price,typeID,custom) VALUES (null,80,73,635,'F','N');
INSERT INTO tbPart(platedElement,targetValue,stock,price,typeID,custom) VALUES (null,120,44,570,'F','N');
INSERT INTO tbPart(platedElement,targetValue,stock,price,typeID,custom) VALUES (null,160,112,510,'F','N');
INSERT INTO tbPart(platedElement,targetValue,stock,price,typeID,custom) VALUES (null,200,165,460,'F','N');
INSERT INTO tbPart(platedElement,targetValue,stock,price,typeID,custom) VALUES (null,240,117,415,'F','N');
INSERT INTO tbPart(platedElement,targetValue,stock,price,typeID,custom) VALUES (null,280,124,375,'F','N');
INSERT INTO tbPart(platedElement,targetValue,stock,price,typeID,custom) VALUES (null,320,73,335,'F','N');
INSERT INTO tbPart(platedElement,targetValue,stock,price,typeID,custom) VALUES (null,360,7,305,'F','N');
INSERT INTO tbPart(platedElement,targetValue,stock,price,typeID,custom) VALUES (null,400,175,270,'F','N');
INSERT INTO tbPart(platedElement,targetValue,stock,price,typeID,custom) VALUES (null,440,118,245,'F','N');
INSERT INTO tbPart(platedElement,targetValue,stock,price,typeID,custom) VALUES (null,480,26,220,'F','N');
INSERT INTO tbPart(platedElement,targetValue,stock,price,typeID,custom) VALUES (null,520,190,200,'F','N');
INSERT INTO tbPart(platedElement,targetValue,stock,price,typeID,custom) VALUES (null,560,33,180,'F','N');
INSERT INTO tbPart(platedElement,targetValue,stock,price,typeID,custom) VALUES (null,600,19,160,'F','N');
INSERT INTO tbPart(platedElement,targetValue,stock,price,typeID,custom) VALUES (null,640,89,145,'F','N');
INSERT INTO tbPart(platedElement,targetValue,stock,price,typeID,custom) VALUES (null,680,87,130,'F','N');
INSERT INTO tbPart(platedElement,targetValue,stock,price,typeID,custom) VALUES (null,720,186,115,'F','N');
INSERT INTO tbPart(platedElement,targetValue,stock,price,typeID,custom) VALUES (null,760,184,105,'F','N');
INSERT INTO tbPart(platedElement,targetValue,stock,price,typeID,custom) VALUES (null,800,175,95,'F','N');
INSERT INTO tbPart(platedElement,targetValue,stock,price,typeID,custom) VALUES (null,2,196,1125,'F','N');
INSERT INTO tbPart(platedElement,targetValue,stock,price,typeID,custom) VALUES (null,4,86,1010,'F','N');
INSERT INTO tbPart(platedElement,targetValue,stock,price,typeID,custom) VALUES (null,10,102,910,'F','N');
INSERT INTO tbPart(platedElement,targetValue,stock,price,typeID,custom) VALUES (null,20,45,820,'F','N');
INSERT INTO tbPart(platedElement,targetValue,stock,price,typeID,custom) VALUES (null,40,133,735,'F','N');
INSERT INTO tbPart(platedElement,targetValue,stock,price,typeID,custom) VALUES (null,80,193,665,'F','N');
INSERT INTO tbPart(platedElement,targetValue,stock,price,typeID,custom) VALUES (null,120,16,595,'F','N');
INSERT INTO tbPart(platedElement,targetValue,stock,price,typeID,custom) VALUES (null,160,140,535,'F','N');
INSERT INTO tbPart(platedElement,targetValue,stock,price,typeID,custom) VALUES (null,200,102,485,'F','N');
INSERT INTO tbPart(platedElement,targetValue,stock,price,typeID,custom) VALUES (null,240,39,435,'F','N');
INSERT INTO tbPart(platedElement,targetValue,stock,price,typeID,custom) VALUES (null,280,64,390,'F','N');
INSERT INTO tbPart(platedElement,targetValue,stock,price,typeID,custom) VALUES (null,320,91,350,'F','N');
INSERT INTO tbPart(platedElement,targetValue,stock,price,typeID,custom) VALUES (null,360,143,315,'F','N');
INSERT INTO tbPart(platedElement,targetValue,stock,price,typeID,custom) VALUES (null,400,62,285,'F','N');
INSERT INTO tbPart(platedElement,targetValue,stock,price,typeID,custom) VALUES (null,440,129,255,'F','N');
INSERT INTO tbPart(platedElement,targetValue,stock,price,typeID,custom) VALUES (null,480,69,230,'F','N');
INSERT INTO tbPart(platedElement,targetValue,stock,price,typeID,custom) VALUES (null,520,173,210,'F','N');
INSERT INTO tbPart(platedElement,targetValue,stock,price,typeID,custom) VALUES (null,560,64,185,'F','N');
INSERT INTO tbPart(platedElement,targetValue,stock,price,typeID,custom) VALUES (null,600,108,170,'F','N');
INSERT INTO tbPart(platedElement,targetValue,stock,price,typeID,custom) VALUES (null,640,75,150,'F','N');
INSERT INTO tbPart(platedElement,targetValue,stock,price,typeID,custom) VALUES (null,680,69,135,'F','N');
INSERT INTO tbPart(platedElement,targetValue,stock,price,typeID,custom) VALUES (null,720,135,125,'F','N');
INSERT INTO tbPart(platedElement,targetValue,stock,price,typeID,custom) VALUES (null,760,161,110,'F','N');
INSERT INTO tbPart(platedElement,targetValue,stock,price,typeID,custom) VALUES (null,800,11,100,'F','N');
INSERT INTO tbPart(platedElement,targetValue,stock,price,typeID,custom) VALUES ('Al',2,194,995,'P','N');
INSERT INTO tbPart(platedElement,targetValue,stock,price,typeID,custom) VALUES ('Al',4,138,895,'P','N');
INSERT INTO tbPart(platedElement,targetValue,stock,price,typeID,custom) VALUES ('Al',10,155,810,'P','N');
INSERT INTO tbPart(platedElement,targetValue,stock,price,typeID,custom) VALUES ('Al',20,155,725,'P','N');
INSERT INTO tbPart(platedElement,targetValue,stock,price,typeID,custom) VALUES ('Al',40,197,655,'P','N');
INSERT INTO tbPart(platedElement,targetValue,stock,price,typeID,custom) VALUES ('Al',80,169,590,'P','N');
INSERT INTO tbPart(platedElement,targetValue,stock,price,typeID,custom) VALUES ('Al',120,68,530,'P','N');
INSERT INTO tbPart(platedElement,targetValue,stock,price,typeID,custom) VALUES ('Al',160,103,475,'P','N');
INSERT INTO tbPart(platedElement,targetValue,stock,price,typeID,custom) VALUES ('Al',200,12,430,'P','N');
INSERT INTO tbPart(platedElement,targetValue,stock,price,typeID,custom) VALUES ('Al',240,159,385,'P','N');
INSERT INTO tbPart(platedElement,targetValue,stock,price,typeID,custom) VALUES ('Al',280,89,350,'P','N');
INSERT INTO tbPart(platedElement,targetValue,stock,price,typeID,custom) VALUES ('Al',320,166,315,'P','N');
INSERT INTO tbPart(platedElement,targetValue,stock,price,typeID,custom) VALUES ('Al',360,45,280,'P','N');
INSERT INTO tbPart(platedElement,targetValue,stock,price,typeID,custom) VALUES ('Al',400,102,255,'P','N');
INSERT INTO tbPart(platedElement,targetValue,stock,price,typeID,custom) VALUES ('Al',440,18,230,'P','N');
INSERT INTO tbPart(platedElement,targetValue,stock,price,typeID,custom) VALUES ('Al',480,88,205,'P','N');
INSERT INTO tbPart(platedElement,targetValue,stock,price,typeID,custom) VALUES ('Al',520,133,185,'P','N');
INSERT INTO tbPart(platedElement,targetValue,stock,price,typeID,custom) VALUES ('Al',560,155,165,'P','N');
INSERT INTO tbPart(platedElement,targetValue,stock,price,typeID,custom) VALUES ('Al',600,125,150,'P','N');
INSERT INTO tbPart(platedElement,targetValue,stock,price,typeID,custom) VALUES ('Al',640,192,135,'P','N');
INSERT INTO tbPart(platedElement,targetValue,stock,price,typeID,custom) VALUES ('Al',680,120,120,'P','N');
INSERT INTO tbPart(platedElement,targetValue,stock,price,typeID,custom) VALUES ('Al',720,6,110,'P','N');
INSERT INTO tbPart(platedElement,targetValue,stock,price,typeID,custom) VALUES ('Al',760,120,100,'P','N');
INSERT INTO tbPart(platedElement,targetValue,stock,price,typeID,custom) VALUES ('Al',800,154,90,'P','N');
INSERT INTO tbPart(platedElement,targetValue,stock,price,typeID,custom) VALUES ('Cu',2,34,815,'P','N');
INSERT INTO tbPart(platedElement,targetValue,stock,price,typeID,custom) VALUES ('Cu',4,163,735,'P','N');
INSERT INTO tbPart(platedElement,targetValue,stock,price,typeID,custom) VALUES ('Cu',10,125,660,'P','N');
INSERT INTO tbPart(platedElement,targetValue,stock,price,typeID,custom) VALUES ('Cu',20,44,595,'P','N');
INSERT INTO tbPart(platedElement,targetValue,stock,price,typeID,custom) VALUES ('Cu',40,18,535,'P','N');
INSERT INTO tbPart(platedElement,targetValue,stock,price,typeID,custom) VALUES ('Cu',80,193,480,'P','N');
INSERT INTO tbPart(platedElement,targetValue,stock,price,typeID,custom) VALUES ('Cu',120,48,435,'P','N');
INSERT INTO tbPart(platedElement,targetValue,stock,price,typeID,custom) VALUES ('Cu',160,135,390,'P','N');
INSERT INTO tbPart(platedElement,targetValue,stock,price,typeID,custom) VALUES ('Cu',200,116,350,'P','N');
INSERT INTO tbPart(platedElement,targetValue,stock,price,typeID,custom) VALUES ('Cu',240,81,315,'P','N');
INSERT INTO tbPart(platedElement,targetValue,stock,price,typeID,custom) VALUES ('Cu',280,72,285,'P','N');
INSERT INTO tbPart(platedElement,targetValue,stock,price,typeID,custom) VALUES ('Cu',320,81,255,'P','N');
INSERT INTO tbPart(platedElement,targetValue,stock,price,typeID,custom) VALUES ('Cu',360,188,230,'P','N');
INSERT INTO tbPart(platedElement,targetValue,stock,price,typeID,custom) VALUES ('Cu',400,102,205,'P','N');
INSERT INTO tbPart(platedElement,targetValue,stock,price,typeID,custom) VALUES ('Cu',440,68,185,'P','N');
INSERT INTO tbPart(platedElement,targetValue,stock,price,typeID,custom) VALUES ('Cu',480,181,170,'P','N');
INSERT INTO tbPart(platedElement,targetValue,stock,price,typeID,custom) VALUES ('Cu',520,63,150,'P','N');
INSERT INTO tbPart(platedElement,targetValue,stock,price,typeID,custom) VALUES ('Cu',560,74,135,'P','N');
INSERT INTO tbPart(platedElement,targetValue,stock,price,typeID,custom) VALUES ('Cu',600,121,120,'P','N');
INSERT INTO tbPart(platedElement,targetValue,stock,price,typeID,custom) VALUES ('Cu',640,142,110,'P','N');
INSERT INTO tbPart(platedElement,targetValue,stock,price,typeID,custom) VALUES ('Cu',680,83,100,'P','N');
INSERT INTO tbPart(platedElement,targetValue,stock,price,typeID,custom) VALUES ('Cu',720,129,90,'P','N');
INSERT INTO tbPart(platedElement,targetValue,stock,price,typeID,custom) VALUES ('Cu',760,8,80,'P','N');
INSERT INTO tbPart(platedElement,targetValue,stock,price,typeID,custom) VALUES ('Cu',800,23,70,'P','N');
INSERT INTO tbPart(platedElement,targetValue,stock,price,typeID,custom) VALUES ('Fe',2,47,625,'P','N');
INSERT INTO tbPart(platedElement,targetValue,stock,price,typeID,custom) VALUES ('Fe',4,197,565,'P','N');
INSERT INTO tbPart(platedElement,targetValue,stock,price,typeID,custom) VALUES ('Fe',10,29,510,'P','N');
INSERT INTO tbPart(platedElement,targetValue,stock,price,typeID,custom) VALUES ('Fe',20,89,455,'P','N');
INSERT INTO tbPart(platedElement,targetValue,stock,price,typeID,custom) VALUES ('Fe',40,62,410,'P','N');
INSERT INTO tbPart(platedElement,targetValue,stock,price,typeID,custom) VALUES ('Fe',80,180,370,'P','N');
INSERT INTO tbPart(platedElement,targetValue,stock,price,typeID,custom) VALUES ('Fe',120,112,335,'P','N');
INSERT INTO tbPart(platedElement,targetValue,stock,price,typeID,custom) VALUES ('Fe',160,72,300,'P','N');
INSERT INTO tbPart(platedElement,targetValue,stock,price,typeID,custom) VALUES ('Fe',200,79,270,'P','N');
INSERT INTO tbPart(platedElement,targetValue,stock,price,typeID,custom) VALUES ('Fe',240,32,245,'P','N');
INSERT INTO tbPart(platedElement,targetValue,stock,price,typeID,custom) VALUES ('Fe',280,57,220,'P','N');
INSERT INTO tbPart(platedElement,targetValue,stock,price,typeID,custom) VALUES ('Fe',320,182,195,'P','N');
INSERT INTO tbPart(platedElement,targetValue,stock,price,typeID,custom) VALUES ('Fe',360,140,175,'P','N');
INSERT INTO tbPart(platedElement,targetValue,stock,price,typeID,custom) VALUES ('Fe',400,90,160,'P','N');
INSERT INTO tbPart(platedElement,targetValue,stock,price,typeID,custom) VALUES ('Fe',440,20,145,'P','N');
INSERT INTO tbPart(platedElement,targetValue,stock,price,typeID,custom) VALUES ('Fe',480,167,130,'P','N');
INSERT INTO tbPart(platedElement,targetValue,stock,price,typeID,custom) VALUES ('Fe',520,151,115,'P','N');
INSERT INTO tbPart(platedElement,targetValue,stock,price,typeID,custom) VALUES ('Fe',560,129,105,'P','N');
INSERT INTO tbPart(platedElement,targetValue,stock,price,typeID,custom) VALUES ('Fe',600,153,95,'P','N');
INSERT INTO tbPart(platedElement,targetValue,stock,price,typeID,custom) VALUES ('Fe',640,155,85,'P','N');
INSERT INTO tbPart(platedElement,targetValue,stock,price,typeID,custom) VALUES ('Fe',680,171,75,'P','N');
INSERT INTO tbPart(platedElement,targetValue,stock,price,typeID,custom) VALUES ('Fe',720,69,70,'P','N');
INSERT INTO tbPart(platedElement,targetValue,stock,price,typeID,custom) VALUES ('Fe',760,169,60,'P','N');
INSERT INTO tbPart(platedElement,targetValue,stock,price,typeID,custom) VALUES ('Fe',800,155,55,'P','N');
INSERT INTO tbPart(platedElement,targetValue,stock,price,typeID,custom) VALUES (null,2,195,835,'F','N');
INSERT INTO tbPart(platedElement,targetValue,stock,price,typeID,custom) VALUES (null,4,81,755,'F','N');
INSERT INTO tbPart(platedElement,targetValue,stock,price,typeID,custom) VALUES (null,10,125,680,'F','N');
INSERT INTO tbPart(platedElement,targetValue,stock,price,typeID,custom) VALUES (null,20,185,610,'F','N');
INSERT INTO tbPart(platedElement,targetValue,stock,price,typeID,custom) VALUES (null,40,24,550,'F','N');
INSERT INTO tbPart(platedElement,targetValue,stock,price,typeID,custom) VALUES (null,80,198,495,'F','N');
INSERT INTO tbPart(platedElement,targetValue,stock,price,typeID,custom) VALUES (null,120,147,445,'F','N');
INSERT INTO tbPart(platedElement,targetValue,stock,price,typeID,custom) VALUES (null,160,194,400,'F','N');
INSERT INTO tbPart(platedElement,targetValue,stock,price,typeID,custom) VALUES (null,200,98,360,'F','N');
INSERT INTO tbPart(platedElement,targetValue,stock,price,typeID,custom) VALUES (null,240,125,325,'F','N');
INSERT INTO tbPart(platedElement,targetValue,stock,price,typeID,custom) VALUES (null,280,173,290,'F','N');
INSERT INTO tbPart(platedElement,targetValue,stock,price,typeID,custom) VALUES (null,320,128,265,'F','N');
INSERT INTO tbPart(platedElement,targetValue,stock,price,typeID,custom) VALUES (null,360,154,235,'F','N');
INSERT INTO tbPart(platedElement,targetValue,stock,price,typeID,custom) VALUES (null,400,160,215,'F','N');
INSERT INTO tbPart(platedElement,targetValue,stock,price,typeID,custom) VALUES (null,440,5,190,'F','N');
INSERT INTO tbPart(platedElement,targetValue,stock,price,typeID,custom) VALUES (null,480,145,170,'F','N');
INSERT INTO tbPart(platedElement,targetValue,stock,price,typeID,custom) VALUES (null,520,22,155,'F','N');
INSERT INTO tbPart(platedElement,targetValue,stock,price,typeID,custom) VALUES (null,560,61,140,'F','N');
INSERT INTO tbPart(platedElement,targetValue,stock,price,typeID,custom) VALUES (null,600,192,125,'F','N');
INSERT INTO tbPart(platedElement,targetValue,stock,price,typeID,custom) VALUES (null,640,34,115,'F','N');
INSERT INTO tbPart(platedElement,targetValue,stock,price,typeID,custom) VALUES (null,680,55,100,'F','N');
INSERT INTO tbPart(platedElement,targetValue,stock,price,typeID,custom) VALUES (null,720,44,90,'F','N');
INSERT INTO tbPart(platedElement,targetValue,stock,price,typeID,custom) VALUES (null,760,13,80,'F','N');
INSERT INTO tbPart(platedElement,targetValue,stock,price,typeID,custom) VALUES (null,800,28,75,'F','N');
INSERT INTO tbPart(platedElement,targetValue,stock,price,typeID,custom) VALUES (null,2,12,930,'F','N');
INSERT INTO tbPart(platedElement,targetValue,stock,price,typeID,custom) VALUES (null,4,25,835,'F','N');
INSERT INTO tbPart(platedElement,targetValue,stock,price,typeID,custom) VALUES (null,10,54,755,'F','N');
INSERT INTO tbPart(platedElement,targetValue,stock,price,typeID,custom) VALUES (null,20,121,680,'F','N');
INSERT INTO tbPart(platedElement,targetValue,stock,price,typeID,custom) VALUES (null,40,7,610,'F','N');
INSERT INTO tbPart(platedElement,targetValue,stock,price,typeID,custom) VALUES (null,80,9,550,'F','N');
INSERT INTO tbPart(platedElement,targetValue,stock,price,typeID,custom) VALUES (null,120,136,495,'F','N');
INSERT INTO tbPart(platedElement,targetValue,stock,price,typeID,custom) VALUES (null,160,170,445,'F','N');
INSERT INTO tbPart(platedElement,targetValue,stock,price,typeID,custom) VALUES (null,200,29,400,'F','N');
INSERT INTO tbPart(platedElement,targetValue,stock,price,typeID,custom) VALUES (null,240,127,360,'F','N');
INSERT INTO tbPart(platedElement,targetValue,stock,price,typeID,custom) VALUES (null,280,163,325,'F','N');
INSERT INTO tbPart(platedElement,targetValue,stock,price,typeID,custom) VALUES (null,320,158,290,'F','N');
INSERT INTO tbPart(platedElement,targetValue,stock,price,typeID,custom) VALUES (null,360,53,265,'F','N');
INSERT INTO tbPart(platedElement,targetValue,stock,price,typeID,custom) VALUES (null,400,30,235,'F','N');
INSERT INTO tbPart(platedElement,targetValue,stock,price,typeID,custom) VALUES (null,440,193,215,'F','N');
INSERT INTO tbPart(platedElement,targetValue,stock,price,typeID,custom) VALUES (null,480,92,190,'F','N');
INSERT INTO tbPart(platedElement,targetValue,stock,price,typeID,custom) VALUES (null,520,175,170,'F','N');
INSERT INTO tbPart(platedElement,targetValue,stock,price,typeID,custom) VALUES (null,560,104,155,'F','N');
INSERT INTO tbPart(platedElement,targetValue,stock,price,typeID,custom) VALUES (null,600,175,140,'F','N');
INSERT INTO tbPart(platedElement,targetValue,stock,price,typeID,custom) VALUES (null,640,200,125,'F','N');
INSERT INTO tbPart(platedElement,targetValue,stock,price,typeID,custom) VALUES (null,680,76,115,'F','N');
INSERT INTO tbPart(platedElement,targetValue,stock,price,typeID,custom) VALUES (null,720,29,100,'F','N');
INSERT INTO tbPart(platedElement,targetValue,stock,price,typeID,custom) VALUES (null,760,178,90,'F','N');
INSERT INTO tbPart(platedElement,targetValue,stock,price,typeID,custom) VALUES (null,800,196,80,'F','N');
INSERT INTO tbPart(platedElement,targetValue,stock,price,typeID,custom) VALUES (null,2,86,510,'F','N');
INSERT INTO tbPart(platedElement,targetValue,stock,price,typeID,custom) VALUES (null,4,50,460,'F','N');
INSERT INTO tbPart(platedElement,targetValue,stock,price,typeID,custom) VALUES (null,10,7,410,'F','N');
INSERT INTO tbPart(platedElement,targetValue,stock,price,typeID,custom) VALUES (null,20,30,370,'F','N');
INSERT INTO tbPart(platedElement,targetValue,stock,price,typeID,custom) VALUES (null,40,85,335,'F','N');
INSERT INTO tbPart(platedElement,targetValue,stock,price,typeID,custom) VALUES (null,80,28,300,'F','N');
INSERT INTO tbPart(platedElement,targetValue,stock,price,typeID,custom) VALUES (null,120,84,270,'F','N');
INSERT INTO tbPart(platedElement,targetValue,stock,price,typeID,custom) VALUES (null,160,121,245,'F','N');
INSERT INTO tbPart(platedElement,targetValue,stock,price,typeID,custom) VALUES (null,200,160,220,'F','N');
INSERT INTO tbPart(platedElement,targetValue,stock,price,typeID,custom) VALUES (null,240,147,195,'F','N');
INSERT INTO tbPart(platedElement,targetValue,stock,price,typeID,custom) VALUES (null,280,169,175,'F','N');
INSERT INTO tbPart(platedElement,targetValue,stock,price,typeID,custom) VALUES (null,320,28,160,'F','N');
INSERT INTO tbPart(platedElement,targetValue,stock,price,typeID,custom) VALUES (null,360,154,145,'F','N');
INSERT INTO tbPart(platedElement,targetValue,stock,price,typeID,custom) VALUES (null,400,9,130,'F','N');
INSERT INTO tbPart(platedElement,targetValue,stock,price,typeID,custom) VALUES (null,440,162,115,'F','N');
INSERT INTO tbPart(platedElement,targetValue,stock,price,typeID,custom) VALUES (null,480,145,105,'F','N');
INSERT INTO tbPart(platedElement,targetValue,stock,price,typeID,custom) VALUES (null,520,79,95,'F','N');
INSERT INTO tbPart(platedElement,targetValue,stock,price,typeID,custom) VALUES (null,560,200,85,'F','N');
INSERT INTO tbPart(platedElement,targetValue,stock,price,typeID,custom) VALUES (null,600,106,75,'F','N');
INSERT INTO tbPart(platedElement,targetValue,stock,price,typeID,custom) VALUES (null,640,163,70,'F','N');
INSERT INTO tbPart(platedElement,targetValue,stock,price,typeID,custom) VALUES (null,680,165,60,'F','N');
INSERT INTO tbPart(platedElement,targetValue,stock,price,typeID,custom) VALUES (null,720,83,55,'F','N');
INSERT INTO tbPart(platedElement,targetValue,stock,price,typeID,custom) VALUES (null,760,29,50,'F','N');
INSERT INTO tbPart(platedElement,targetValue,stock,price,typeID,custom) VALUES (null,800,62,45,'F','N');
INSERT INTO tbPart(platedElement,targetValue,stock,price,typeID,custom) VALUES (null,2,104,990,'F','N');
INSERT INTO tbPart(platedElement,targetValue,stock,price,typeID,custom) VALUES (null,4,86,890,'F','N');
INSERT INTO tbPart(platedElement,targetValue,stock,price,typeID,custom) VALUES (null,10,12,800,'F','N');
INSERT INTO tbPart(platedElement,targetValue,stock,price,typeID,custom) VALUES (null,20,73,720,'F','N');
INSERT INTO tbPart(platedElement,targetValue,stock,price,typeID,custom) VALUES (null,40,108,650,'F','N');
INSERT INTO tbPart(platedElement,targetValue,stock,price,typeID,custom) VALUES (null,80,67,585,'F','N');
INSERT INTO tbPart(platedElement,targetValue,stock,price,typeID,custom) VALUES (null,120,46,525,'F','N');
INSERT INTO tbPart(platedElement,targetValue,stock,price,typeID,custom) VALUES (null,160,52,475,'F','N');
INSERT INTO tbPart(platedElement,targetValue,stock,price,typeID,custom) VALUES (null,200,69,425,'F','N');
INSERT INTO tbPart(platedElement,targetValue,stock,price,typeID,custom) VALUES (null,240,143,385,'F','N');
INSERT INTO tbPart(platedElement,targetValue,stock,price,typeID,custom) VALUES (null,280,174,345,'F','N');
INSERT INTO tbPart(platedElement,targetValue,stock,price,typeID,custom) VALUES (null,320,11,310,'F','N');
INSERT INTO tbPart(platedElement,targetValue,stock,price,typeID,custom) VALUES (null,360,99,280,'F','N');
INSERT INTO tbPart(platedElement,targetValue,stock,price,typeID,custom) VALUES (null,400,18,250,'F','N');
INSERT INTO tbPart(platedElement,targetValue,stock,price,typeID,custom) VALUES (null,440,21,225,'F','N');
INSERT INTO tbPart(platedElement,targetValue,stock,price,typeID,custom) VALUES (null,480,163,205,'F','N');
INSERT INTO tbPart(platedElement,targetValue,stock,price,typeID,custom) VALUES (null,520,14,185,'F','N');
INSERT INTO tbPart(platedElement,targetValue,stock,price,typeID,custom) VALUES (null,560,108,165,'F','N');
INSERT INTO tbPart(platedElement,targetValue,stock,price,typeID,custom) VALUES (null,600,85,150,'F','N');
INSERT INTO tbPart(platedElement,targetValue,stock,price,typeID,custom) VALUES (null,640,123,135,'F','N');
INSERT INTO tbPart(platedElement,targetValue,stock,price,typeID,custom) VALUES (null,680,89,120,'F','N');
INSERT INTO tbPart(platedElement,targetValue,stock,price,typeID,custom) VALUES (null,720,55,110,'F','N');
INSERT INTO tbPart(platedElement,targetValue,stock,price,typeID,custom) VALUES (null,760,148,95,'F','N');
INSERT INTO tbPart(platedElement,targetValue,stock,price,typeID,custom) VALUES (null,800,107,90,'F','N');
INSERT INTO tbPart(platedElement,targetValue,stock,price,typeID,custom) VALUES (null,2,120,675,'F','N');
INSERT INTO tbPart(platedElement,targetValue,stock,price,typeID,custom) VALUES (null,4,74,610,'F','N');
INSERT INTO tbPart(platedElement,targetValue,stock,price,typeID,custom) VALUES (null,10,199,550,'F','N');
INSERT INTO tbPart(platedElement,targetValue,stock,price,typeID,custom) VALUES (null,20,187,495,'F','N');
INSERT INTO tbPart(platedElement,targetValue,stock,price,typeID,custom) VALUES (null,40,140,445,'F','N');
INSERT INTO tbPart(platedElement,targetValue,stock,price,typeID,custom) VALUES (null,80,142,400,'F','N');
INSERT INTO tbPart(platedElement,targetValue,stock,price,typeID,custom) VALUES (null,120,144,360,'F','N');
INSERT INTO tbPart(platedElement,targetValue,stock,price,typeID,custom) VALUES (null,160,148,325,'F','N');
INSERT INTO tbPart(platedElement,targetValue,stock,price,typeID,custom) VALUES (null,200,15,290,'F','N');
INSERT INTO tbPart(platedElement,targetValue,stock,price,typeID,custom) VALUES (null,240,156,260,'F','N');
INSERT INTO tbPart(platedElement,targetValue,stock,price,typeID,custom) VALUES (null,280,168,235,'F','N');
INSERT INTO tbPart(platedElement,targetValue,stock,price,typeID,custom) VALUES (null,320,100,210,'F','N');
INSERT INTO tbPart(platedElement,targetValue,stock,price,typeID,custom) VALUES (null,360,134,190,'F','N');
INSERT INTO tbPart(platedElement,targetValue,stock,price,typeID,custom) VALUES (null,400,83,170,'F','N');
INSERT INTO tbPart(platedElement,targetValue,stock,price,typeID,custom) VALUES (null,440,93,155,'F','N');
INSERT INTO tbPart(platedElement,targetValue,stock,price,typeID,custom) VALUES (null,480,56,140,'F','N');
INSERT INTO tbPart(platedElement,targetValue,stock,price,typeID,custom) VALUES (null,520,43,125,'F','N');
INSERT INTO tbPart(platedElement,targetValue,stock,price,typeID,custom) VALUES (null,560,95,115,'F','N');
INSERT INTO tbPart(platedElement,targetValue,stock,price,typeID,custom) VALUES (null,600,5,100,'F','N');
INSERT INTO tbPart(platedElement,targetValue,stock,price,typeID,custom) VALUES (null,640,108,90,'F','N');
INSERT INTO tbPart(platedElement,targetValue,stock,price,typeID,custom) VALUES (null,680,135,80,'F','N');
INSERT INTO tbPart(platedElement,targetValue,stock,price,typeID,custom) VALUES (null,720,20,75,'F','N');
INSERT INTO tbPart(platedElement,targetValue,stock,price,typeID,custom) VALUES (null,760,102,65,'F','N');
INSERT INTO tbPart(platedElement,targetValue,stock,price,typeID,custom) VALUES (null,800,65,60,'F','N');
INSERT INTO tbPart(platedElement,targetValue,stock,price,typeID,custom) VALUES (null,2,68,650,'F','N');
INSERT INTO tbPart(platedElement,targetValue,stock,price,typeID,custom) VALUES (null,4,146,585,'F','N');
INSERT INTO tbPart(platedElement,targetValue,stock,price,typeID,custom) VALUES (null,10,83,525,'F','N');
INSERT INTO tbPart(platedElement,targetValue,stock,price,typeID,custom) VALUES (null,20,10,475,'F','N');
INSERT INTO tbPart(platedElement,targetValue,stock,price,typeID,custom) VALUES (null,40,18,425,'F','N');
INSERT INTO tbPart(platedElement,targetValue,stock,price,typeID,custom) VALUES (null,80,153,385,'F','N');
INSERT INTO tbPart(platedElement,targetValue,stock,price,typeID,custom) VALUES (null,120,154,345,'F','N');
INSERT INTO tbPart(platedElement,targetValue,stock,price,typeID,custom) VALUES (null,160,142,310,'F','N');
INSERT INTO tbPart(platedElement,targetValue,stock,price,typeID,custom) VALUES (null,200,31,280,'F','N');
INSERT INTO tbPart(platedElement,targetValue,stock,price,typeID,custom) VALUES (null,240,44,250,'F','N');
INSERT INTO tbPart(platedElement,targetValue,stock,price,typeID,custom) VALUES (null,280,117,225,'F','N');
INSERT INTO tbPart(platedElement,targetValue,stock,price,typeID,custom) VALUES (null,320,78,205,'F','N');
INSERT INTO tbPart(platedElement,targetValue,stock,price,typeID,custom) VALUES (null,360,84,185,'F','N');
INSERT INTO tbPart(platedElement,targetValue,stock,price,typeID,custom) VALUES (null,400,122,165,'F','N');
INSERT INTO tbPart(platedElement,targetValue,stock,price,typeID,custom) VALUES (null,440,141,150,'F','N');
INSERT INTO tbPart(platedElement,targetValue,stock,price,typeID,custom) VALUES (null,480,65,135,'F','N');
INSERT INTO tbPart(platedElement,targetValue,stock,price,typeID,custom) VALUES (null,520,34,120,'F','N');
INSERT INTO tbPart(platedElement,targetValue,stock,price,typeID,custom) VALUES (null,560,112,110,'F','N');
INSERT INTO tbPart(platedElement,targetValue,stock,price,typeID,custom) VALUES (null,600,164,100,'F','N');
INSERT INTO tbPart(platedElement,targetValue,stock,price,typeID,custom) VALUES (null,640,112,90,'F','N');
INSERT INTO tbPart(platedElement,targetValue,stock,price,typeID,custom) VALUES (null,680,117,80,'F','N');
INSERT INTO tbPart(platedElement,targetValue,stock,price,typeID,custom) VALUES (null,720,182,70,'F','N');
INSERT INTO tbPart(platedElement,targetValue,stock,price,typeID,custom) VALUES (null,760,81,65,'F','N');
INSERT INTO tbPart(platedElement,targetValue,stock,price,typeID,custom) VALUES (null,800,31,60,'F','N');
INSERT INTO tbPart(platedElement,targetValue,stock,price,typeID,custom) VALUES (null,2,154,735,'F','N');
INSERT INTO tbPart(platedElement,targetValue,stock,price,typeID,custom) VALUES (null,4,153,660,'F','N');
INSERT INTO tbPart(platedElement,targetValue,stock,price,typeID,custom) VALUES (null,10,151,595,'F','N');
INSERT INTO tbPart(platedElement,targetValue,stock,price,typeID,custom) VALUES (null,20,157,535,'F','N');
INSERT INTO tbPart(platedElement,targetValue,stock,price,typeID,custom) VALUES (null,40,59,480,'F','N');
INSERT INTO tbPart(platedElement,targetValue,stock,price,typeID,custom) VALUES (null,80,91,435,'F','N');
INSERT INTO tbPart(platedElement,targetValue,stock,price,typeID,custom) VALUES (null,120,194,390,'F','N');
INSERT INTO tbPart(platedElement,targetValue,stock,price,typeID,custom) VALUES (null,160,183,350,'F','N');
INSERT INTO tbPart(platedElement,targetValue,stock,price,typeID,custom) VALUES (null,200,191,315,'F','N');
INSERT INTO tbPart(platedElement,targetValue,stock,price,typeID,custom) VALUES (null,240,169,285,'F','N');
INSERT INTO tbPart(platedElement,targetValue,stock,price,typeID,custom) VALUES (null,280,5,255,'F','N');
INSERT INTO tbPart(platedElement,targetValue,stock,price,typeID,custom) VALUES (null,320,85,230,'F','N');
INSERT INTO tbPart(platedElement,targetValue,stock,price,typeID,custom) VALUES (null,360,80,205,'F','N');
INSERT INTO tbPart(platedElement,targetValue,stock,price,typeID,custom) VALUES (null,400,66,185,'F','N');
INSERT INTO tbPart(platedElement,targetValue,stock,price,typeID,custom) VALUES (null,440,16,170,'F','N');
INSERT INTO tbPart(platedElement,targetValue,stock,price,typeID,custom) VALUES (null,480,140,150,'F','N');
INSERT INTO tbPart(platedElement,targetValue,stock,price,typeID,custom) VALUES (null,520,86,135,'F','N');
INSERT INTO tbPart(platedElement,targetValue,stock,price,typeID,custom) VALUES (null,560,83,120,'F','N');
INSERT INTO tbPart(platedElement,targetValue,stock,price,typeID,custom) VALUES (null,600,153,110,'F','N');
INSERT INTO tbPart(platedElement,targetValue,stock,price,typeID,custom) VALUES (null,640,133,100,'F','N');
INSERT INTO tbPart(platedElement,targetValue,stock,price,typeID,custom) VALUES (null,680,176,90,'F','N');
INSERT INTO tbPart(platedElement,targetValue,stock,price,typeID,custom) VALUES (null,720,199,80,'F','N');
INSERT INTO tbPart(platedElement,targetValue,stock,price,typeID,custom) VALUES (null,760,46,70,'F','N');
INSERT INTO tbPart(platedElement,targetValue,stock,price,typeID,custom) VALUES (null,800,112,65,'F','N');

SPOOL OFF